variant_id	gene	entrez_id	variant	variant_types	comment	conditions	condition_2_type	condition_2_value	condition_3_type	condition_3_value
1	ABL1	25	BCR-ABL1	transcript_fusion	orig BCR-ABL	1				-
2	ABL1	25	BCR-ABL1	missense_variant,transcript_fusion	orig BCR-ABL T315I	2	missense_variant	T315I		-
3	ABL1	25	BCR-ABL1	missense_variant,transcript_fusion	orig BCR-ABL E255K	2	missense_variant	E255K		-
4	AKT1	207	E17K	missense_variant		1				-
5	ALK	238	EML4-ALK	transcript_fusion		1				-
6	ALK	238	EML4-ALK	missense_variant,transcript_fusion	orig EML4-ALK C1156Y	2	missense_variant	C1156Y		-
7	ALK	238	EML4-ALK	missense_variant,transcript_fusion	orig EML4-ALK L1196M	2	missense_variant	L1196M		-
8	ALK	238	F1174L	missense_variant		1				-
9	ALK	238	R1275Q	missense_variant		1				-
10	ARAF	369	S214C	missense_variant		1				-
11	BRAF	673	V600D	missense_variant		1				-
12	BRAF	673	V600E	missense_variant		1				-
13	BRAF	673	V600E	missense_variant		2	additional_possible	V600M		-
14	BRAF	673	V600E	missense_variant,transcript_amplification		2	transcript_amplification	Amplification		-
17	BRAF	673	V600	protein_altering_variant		1				-
18	CCND1	595	Amplification	transcript_amplification		0				-
19	CCND1	595	Expression	N/A		0				-
20	CCND1	595	Overexpression	N/A		0				-
21	CCND2	894	OVEREXPRESSION	N/A		0				-
22	CCND2	894	PROMOTER DEMETHYLATION	N/A		0				-
23	CCND3	896	LOSS	loss_of_function_variant		0				-
24	CCNE1	898	Overexpression	N/A		0				-
25	CDK4	1019	EXPRESSION	N/A		0				-
27	CDKN2A	1029	Promoter Hypermethylation	N/A		0				-
28	CEBPA	1050	N-TERMINAL FRAME SHIFT	frameshift_truncation,dominant_negative_variant		0				-
29	CEBPA	1050	Mutation	transcript_variant,loss_of_function_variant		0				-
30	CSF1R	1436	MEF2D-CSF1R	transcript_fusion		1				-
31	PRKACA	5566	DNAJB1-PRKACA	transcript_fusion		1				-
32	DNMT3A	1788	R882	missense_variant		1				-
33	EGFR	1956	L858R	missense_variant		1				-
34	EGFR	1956	T790M	missense_variant		1				-
35	ERBB2	2064	D769H	missense_variant		1				-
36	ERBB2	2064	D769Y	missense_variant		1				-
37	ERBB2	2064	L755_T759del	inframe_deletion		1				-
38	ERBB2	2064	G309A	missense_variant		1				-
39	ERBB2	2064	L755S	missense_variant		1				-
40	ERBB2	2064	L755W	missense_variant		1				-
41	ERBB2	2064	P780ins	inframe_insertion		1				-
42	ERBB2	2064	R678Q	missense_variant		1				-
43	ERBB2	2064	R896C	missense_variant		1				-
44	ERBB2	2064	V777L	missense_variant		1				-
45	ERBB2	2064	V842I	missense_variant		1				-
46	ESR1	2099	L536Q	missense_variant		1				-
47	ESR1	2099	D538G	missense_variant		1				-
48	ESR1	2099	Y537C	missense_variant		1				-
49	ESR1	2099	Y537N	missense_variant		1				-
50	ESR1	2099	Y537S	missense_variant		1				-
52	FGFR2	2263	FGFR2-MGEA5	transcript_fusion		1				-
53	FGFR3	2261	FGFR3-BAIAP2L1	transcript_fusion		1				-
54	FGFR2	2263	FGFR2-TACC3	transcript_fusion		1				-
55	FLT3	2322	ITD	inframe_insertion	internal tandem duplication	0				-
56	FLT3	2322	TKD MUTATION	nonsynonymous_variant	TK domain	0				-
57	GATA2	2624	EXPRESSION	N/A		0				-
58	IDH1	3417	R132	protein_altering_variant		1				-
59	IDH1	3417	R132C	missense_variant		1				-
62	IDH2	3418	R140	protein_altering_variant		1				-
63	IDH2	3418	R172K	missense_variant		1				-
64	JAK2	3717	V617F	missense_variant,gain_of_function_variant		1				-
65	KIT	3815	D816V	missense_variant		1				-
66	KIT	3815	Exon 11 Mutation	coding_sequence_variant		0				-
67	KIT	3815	Internal Duplication	inframe_insertion		0				-
69	KIT	3815	EXON 14 MUTATION	exon_variant		0				-
72	KIT	3815	L576P	missense_variant		1				-
73	KIT	3815	V654A	missense_variant		1				-
75	KRAS	3845	Exon 2 Mutation	missense_variant		0				-
76	KRAS	3845	G12	protein_altering_variant		1				-
77	KRAS	3845	G12	protein_altering_variant		2	additional_possible	G13		-
78	KRAS	3845	G12C	missense_variant		1				-
79	KRAS	3845	G12D	missense_variant		1				-
80	KRAS	3845	G13	missense_variant,inframe_insertion		1				-
81	KRAS	3845	G13D	missense_variant		1				-
82	MAP2K1	5604	P124S	missense_variant		1				-
83	MAP2K1	5604	Q56P	missense_variant		1				-
85	MGMT	4255	Promoter Methylation	N/A		0				-
86	NPM1	4869	EXON 12 MUTATION	exon_variant		0				-
87	NPM1	4869	W288fs	frameshift_elongation		1				-
92	NRAS	4893	G12	missense_variant		1				-
93	NRAS	4893	G13D	missense_variant		1				-
94	NRAS	4893	Q61	missense_variant		1				-
95	NRAS	4893	Q61L	missense_variant		1				-
96	NRAS	4893	Q61R	missense_variant		1				-
98	PDGFRA	5156	D842I	missense_variant		1				-
99	PDGFRA	5156	D842V	missense_variant		1				-
100	PDGFRA	5156	D842Y	missense_variant		1				-
101	PDGFRA	5156	I843del	inframe_deletion		1				-
102	PDGFRA	5156	D842_I843delinsVM	missense_variant		1				-
103	PIK3CA	5290	E542K	missense_variant		1				-
104	PIK3CA	5290	E545K	missense_variant		1				-
105	PIK3CA	5290	Exon 21 Mutation	exon_variant		0				-
106	PIK3CA	5290	Exon 10 Mutation	exon_variant		0				-
107	PIK3CA	5290	H1047R	missense_variant		1				-
108	PML	5371	PML-RARA	transcript_fusion		1				-
110	PTEN	5728	R233*	stop_gained,loss_of_function_variant		1				-
112	RET	5979	C634W	missense_variant		1				-
113	RET	5979	M918T	missense_variant		1				-
114	SF3B1	23451	K666N	missense_variant		1				-
116	TP53	7157	R175H	missense_variant		1				-
117	TP53	7157	R248Q	missense_variant		1				-
118	TP53	7157	R248W	missense_variant		1				-
119	TP53	7157	R249	protein_altering_variant		1				-
121	TP53	7157	R273C	missense_variant		1				-
122	TP53	7157	R273H	missense_variant		1				-
124	TSC1	7248	FRAMESHIFT TRUNCATION	frameshift_truncation		0				-
125	TSC1	7248	LOSS-OF-FUNCTION	loss_of_function_variant		0				-
127	U2AF1	7307	Q157P	missense_variant		2	additional_possible	Q157R		-
128	U2AF1	7307	S34Y	missense_variant		2	additional_possible	S34F		-
129	WT1	7490	EXON 7 MUTATION	exon_variant		0				-
130	WT1	7490	EXON 9 MUTATION	exon_variant		0				-
131	BRCA1	672	Loss-of-function	loss_of_heterozygosity,loss_of_function_variant		0				-
132	BRCA2	675	Loss-of-function	loss_of_function_variant		0				-
133	EGFR	1956	Exon 19 Deletion	inframe_deletion		0				-
134	EGFR	1956	G719S	missense_variant		1				-
135	NOTCH1	4851	D1642H	missense_variant		1				-
136	NOTCH1	4851	R2327W	missense_variant		1				-
137	NOTCH1	4851	V2444fs	frameshift_variant		1				-
138	NOTCH1	4851	S2275fs	plus_1_frameshift_variant		1				-
139	DDR2	4921	L63V	missense_variant		1				-
140	DDR2	4921	L239R	missense_variant		1				-
141	DDR2	4921	G253C	missense_variant		1				-
142	DDR2	4921	G505S	missense_variant		1				-
143	DDR2	4921	I638F	missense_variant		1				-
144	DDR2	4921	G774V	missense_variant		1				-
145	DDR2	4921	S768R	missense_variant		1				-
148	KRAS	3845	G12A	missense_variant		1				-
151	BCL2	596	IGH-BCL2	transcript_regulatory_region_fusion,transcript_fusion		1				-
152	BCL2	596	Overexpression	N/A		0				-
153	FOXP1	27086	AMPLIFICATION	transcript_amplification		0				-
154	REL	5966	AMPLIFICATION	transcript_amplification		0				-
155	RUNX1	861	Mutation	transcript_variant,loss_of_function_variant		0				-
156	IGF2	3481	Overexpression	N/A		0				-
157	TET2	54790	Mutation	gene_variant,loss_of_function_variant		0				-
158	AURKA	6790	EXPRESSION	N/A		0				-
159	VHL	7428	LOSS-OF-FUNCTION	loss_of_function_variant		0				-
160	VHL	7428	MUTATION	gene_variant,loss_of_function_variant		0				-
161	PBRM1	55193	Mutation	transcription_variant,loss_of_function_variant		0				-
163	EZH2	2146	Mutation	protein_altering_variant		0				-
164	FLI1	2313	EWSR1-FLI1	transcript_fusion		3	exon	EWSR1 exon 7	exon	FLI1 exon 6
165	EZH2	2146	Y646	protein_altering_variant		1				-
167	KMT2D	8085	LOSS-OF-FUNCTION	loss_of_function_variant		0				-
168	BTK	695	C481S	missense_variant		1				-
169	AKT1	207	Q79K	missense_variant		1				-
170	ALK	238	EML4-ALK	transcript_fusion,transcript_amplification		2	transcript_amplification	Amplification		-
171	ALK	238	*-ALK G1202R	missense_variant,transcript_fusion,any_mate		2	missense_variant	G1202R		-
172	ALK	238	EML4-ALK	missense_variant,transcript_fusion		2	missense_variant	S1206Y		-
173	ALK	238	EML4-ALK	inframe_insertion,transcript_fusion		2	missense_variant	T1151insT		-
174	APC	324	*			0				-
175	AR	367	F877L	missense_variant		1				-
176	AR	367	W742	missense_variant		1				-
177	ASXL1	171023	Mutation	protein_altering_variant	requires position match with liftover	0				-
178	ATM	472	Mutation	transcription_variant,loss_of_function_variant	requires position match with liftover	0				-
179	ATM	472	Underexpression	N/A		0				-
180	AURKA	6790	AMPLIFICATION	transcript_amplification		0				-
181	AURKA	6790	Overexpression	N/A		0				-
182	BAP1	8314	EXPRESSION	N/A		0				-
183	BAP1	8314	Mutation	protein_altering_variant,loss_of_function_variant	requires position match with liftover	0				-
184	BRAF	673	AKAP9-BRAF	transcript_fusion		1				-
185	BRCA1	672	Mutation	gene_variant,loss_of_function_variant	requires position match with liftover	0				-
186	BRCA2	675	Mutation	gene_variant,loss_of_function_variant	requires position match with liftover	0				-
187	CCNE1	898	Amplification	transcript_amplification		0				-
189	DNMT3A	1788	Mutation	transcript_variant	requires position match with liftover	0				-
190	EGFR	1956	Amplification	transcript_amplification		0				-
191	EGFR	1956	Copy Number Variation	copy_number_change		0				-
193	EGFR	1956	Overexpression	N/A		0				-
194	ERG	2078	EWSR1-ERG	transcript_fusion		1				-
195	ERG	2078	TMPRSS2-ERG	transcript_fusion		1				-
196	FGFR3	2261	Y375C	missense_variant		1				-
197	FLI1	2313	EWSR1-FLI1	transcript_fusion		1				-
198	FOXL2	668	C134W	missense_variant		1				-
199	IDH2	3418	R172	protein_altering_variant		1				-
200	IKZF1	10320	DELETION	transcript_ablation		0				-
201	KIT	3815	M541L	missense_variant		1				-
202	KIT	3815	V560del	amino_acid_deletion,inframe_deletion		1				-
203	KRAS	3845	Q61	protein_altering_variant		1				-
204	NCOA3	8202	AMPLIFICATION	transcript_amplification		0				-
205	NCOA3	8202	OVEREXPRESSION	N/A		0				-
206	NOTCH1	4851	Mutation	protein_altering_variant		0				-
207	NOTCH1	4851	P2514fs	frameshift_truncation		1				-
208	NRAS	4893	Mutation	transcript_variant,gain_of_function_variant		0				-
209	PAX8	7849	PAX8-PPARG	transcript_fusion		1				-
210	PGR	5241	Expression	N/A		0				-
212	PIK3CA	5290	Amplification	transcript_amplification		0				-
213	PTEN	5728	Deletion	transcript_ablation		0				-
214	PTEN	5728	Loss	loss_of_function_variant		0				-
215	SF3B1	23451	Mutation	protein_altering_variant		0				-
216	SMAD4	4089	MUTATION	transcript_variant,loss_of_function_variant		0				-
217	SMARCA4	6597	MUTATION	gene_variant,loss_of_function_variant		0				-
218	SMARCA4	6597	INACTIVATING MUTATION	loss_of_function_variant		0				-
219	TERT	7015	Amplification	transcript_amplification		0				-
220	TERT	7015	Promoter Mutation	regulatory_region_variant		0				-
221	TP53	7157	Deleterious Mutation	N/A		0				-
222	TP53	7157	Mutation	protein_altering_variant		0				-
223	TP53	7157	Truncating Mutation	frameshift_truncation		1				-
224	TTF1	7270	AMPLIFICATION	transcript_amplification		0				-
230	CHEK2	11200	Loss-of-function	loss_of_function_variant		0				-
236	CDK12	51755	LOSS-OF-FUNCTION	loss_of_function_variant		0				-
238	NT5C2	22978	R367Q	missense_variant		1				-
239	NT5C2	22978	K359Q	missense_variant		1				-
240	NT5C2	22978	D407A	missense_variant		1				-
241	ABL1	25	BCR-ABL1	missense_variant,transcript_fusion		2	missense_variant	F317L		-
242	TP53	7157	DNA Binding Domain Mutation	DNA_binding_site		0				-
243	ATM	472	S2289*	frameshift_truncation		1				-
244	ATM	472	N2875H	missense_variant		1				-
245	NF2	4771	Y177fs	frameshift_elongation		1				-
247	PDGFRA	5156	V561A	missense_variant		1				-
248	TERT	7015	C228T	missense_variant,regulatory_region_variant		1				-
249	XRCC1	7515	R194W	missense_variant		1				-
250	GSTP1	2950	DELETION	transcript_ablation		0				-
251	BIRC7	79444	AMPLIFICATION	transcript_amplification		0				-
252	EGFR	1956	Exon 4 Deletion	exon_loss_variant		0				-
254	KRAS	3845	RS61764370	3_prime_UTR_variant		0				-
255	ERCC5	2073	RS751402	5_prime_UTR_variant,SNP		0				-
256	KIT	3815	3' UTR MUTATION	3_prime_UTR_variant		0				-
257	EZH2	2146	Intron 6 Mutation	intron_variant		0				-
258	MTHFR	4524	A222V	missense_variant		1				-
259	GSTP1	2950	I105V	missense_variant		1				-
260	ABCG2	9429	Q141K	missense_variant		1				-
261	XRCC1	7515	Q399R	missense_variant		1				-
262	ABCB1	5243	S893T	missense_variant		1				-
263	ABCB1	5243	I1145I	synonymous_variant		1				-
264	ERCC2	2068	K751Q	missense_variant		1				-
265	TYMS	7298	5' TANDEM REPEAT	5_prime_UTR_variant,short_tandem_repeat_variation		0				-
266	LRP1B	53353	EXON 12-22 DELETION	exon_loss_variant		0	exon_range	exon 12-22		-
267	FGFR1	2260	Amplification	transcript_amplification		0				-
268	FGFR1	2260	Expression	N/A		0				-
269	ROS1	6098	*-ROS1	transcript_fusion,any_mate	changed from $rearrangement$	1				-
270	MET	4233	Amplification	transcript_amplification		0				-
271	ATR	545	I774fs	frameshift_truncation		1				-
272	CDKN2A	1029	p16 Expression	N/A		0				-
273	RET	5979	KIF5B-RET	transcript_fusion		1				-
274	HRAS	3265	G13D	missense_variant		1				-
275	HRAS	3265	MUTATION	coding_transcript_variant		0				-
276	CD274	29126	Expression	N/A		0				-
277	MTOR	2475	MUTATION	protein_altering_variant		0				-
278	AKT2	208	EXPRESSION	N/A		0				-
279	NF2	4771	K159fs	frameshift_truncation		1				-
281	FBXW7	55294	MUTATION	protein_altering_variant,loss_of_function_variant		0				-
282	SMAD4	4089	UNDEREXPRESSION	N/A		0				-
283	MTOR	2475	H1968Y	missense_variant,gain_of_function_variant		1				-
284	MTOR	2475	P2213S	missense_variant,gain_of_function_variant		1				-
285	BRAF	673	AGK-BRAF	transcript_fusion		1				-
286	BRAF	673	PAPSS1-BRAF	gene_fusion,transcript_fusion		1				-
287	BRAF	673	TRIM24-BRAF	transcript_fusion		1				-
288	BRAF	673	L597R	missense_variant		1				-
289	ERBB3	2065	Overexpression	N/A		0				-
290	NT5E	4907	OVEREXPRESSION	N/A		0				-
291	EZH2	2146	Overexpression	N/A		0				-
292	MYD88	4615	OVEREXPRESSION	N/A		0				-
294	PIK3CA	5290	P471L	missense_variant		1				-
296	RIT1	6016	OVEREXPRESSION	N/A		0				-
297	RIT1	6016	MUTATION	transcript_variant		0				-
298	MYCN	4613	Amplification	transcript_amplification		0				-
299	SMO	6608	D473H	missense_variant		1				-
300	SMO	6608	Mutation	coding_transcript_variant		0				-
301	PTCH1	5727	MUTATION	gene_variant,loss_of_function_variant		0				-
302	PTCH1	5727	LOH	loss_of_heterozygosity		0				-
303	STK11	6794	EXON 1-2 MUTATION	exon_variant		0				-
304	STK11	6794	UNDEREXPRESSION	N/A		0				-
305	SYK	6850	OVEREXPRESSION	N/A		0				-
306	ERBB2	2064	Amplification	transcript_amplification		0				-
307	ALK	238	EML4-ALK	missense_variant,transcript_fusion		2	missense_variant	L1152R		-
308	ALK	238	EML4-ALK	missense_variant,transcript_fusion		2	missense_variant	G1269A		-
310	ERBB4	2066	MUTATION	transcript_variant,gain_of_function_variant		0				-
311	PIK3CA	5290	Mutation	transcript_variant,gain_of_function_variant		0				-
312	EGFR	1956	VIII	disruptive_inframe_deletion		0				-
313	PTEN	5728	Expression	N/A		0				-
314	NRG1	3084	Expression	N/A		0				-
315	AREG	374	Expression	N/A		0				-
316	TGFA	7039	EXPRESSION	N/A		0				-
317	EGFR	1956	G724S	missense_variant		1				-
318	EREG	2069	EXPRESSION	N/A		0				-
320	MAPK1	5594	E322K	missense_variant,gain_of_function_variant		1				-
321	MAPK1	5594	AMPLIFICATION	transcript_amplification		0				-
322	KRAS	3845	A146V	missense_variant		1				-
323	MET	4233	Mutation	transcription_variant,gain_of_function_variant		0				-
324	MET	4233	EXON 14 SKIPPING MUTATION	exon_loss_variant		0				-
325	FGFR3	2261	Overexpression	N/A		0				-
326	CBLC	23624	EXPRESSION	N/A		0				-
327	PTPRD	5789	MUTATION	transcript_variant,loss_of_function_variant		0				-
328	DEFA1	1667	EXPRESSION	N/A		0				-
329	ERCC1	2067	EXPRESSION	N/A		0				-
330	NOTCH1	4851	AMPLIFICATION	transcript_amplification		0				-
331	WEE1	7465	RS3910384	intron_variant,polymorphic_sequence_variant		0				-
332	FNTB	2342	RS11623866	regulatory_region_variant		0				-
333	PTPRT	11122	PROMOTER HYPERMETHYLATION	N/A		0				-
334	VEGFA	7422	Decreased Peri-therapeutic Expression	N/A		0				-
335	DNMT1	1786	EXPRESSION	N/A		0				-
336	KRAS	3845	Mutation	protein_altering_variant		0				-
337	PDCD4	27250	EXPRESSION	N/A		0				-
338	MGMT	4255	RS16906252	synonymous_variant		0				-
339	TFF3	7033	EXPRESSION	N/A		0				-
340	DKK1	22943	NUCLEAR EXPRESSION	N/A		0				-
341	CD44	960	CD44s Expression	N/A		0				-
342	EGF	1950	EXPRESSION	N/A		0				-
343	MDM2	4193	EXPRESSION	N/A		0				-
344	HMOX1	3162	EXPRESSION	N/A		0				-
345	SPHK1	8877	OVEREXPRESSION	N/A		0				-
346	CASP8	841	Overexpression	N/A		0				-
347	TYMS	7298	Overexpression	N/A		0				-
348	PBK	55872	OVEREXPRESSION	N/A		0				-
349	SMARCA4	6597	UNDEREXPRESSION	N/A		0				-
350	SETBP1	26040	Exon 4 Mutation	exon_variant		0				-
351	SETBP1	26040	G870S	missense_variant		1				-
352	ALK	238	EML4-ALK	missense_variant,transcript_fusion		3	missense_variant	C1156Y	missense_variant	L1198F
354	EGFR	1956	Expression	N/A		0				-
355	CDKN1A	1026	EXPRESSION	N/A		0				-
356	ALCAM	214	EXPRESSION	N/A		0				-
357	STMN1	3925	EXPRESSION	N/A		0				-
358	RSF1	51773	AMPLIFICATION	transcript_amplification		0				-
359	AR	367	OVEREXPRESSION	N/A		0				-
360	CDKN1B	1027	CYTOPLASMIC MISLOCALIZATION	N/A		0				-
361	ERBB3	2065	EXPRESSION	N/A		0				-
362	AR	367	V7 EXPRESSION			0				-
363	UGT1A	7361	EXPRESSION	N/A		0				-
364	ERBB4	2066	NUCLEAR TRANSLOCATION	N/A		0				-
365	ERBB4	2066	EXPRESSION	N/A		0				-
366	SLFN11	91607	EXPRESSION	N/A		0				-
367	RAC1	5879	P29S	missense_variant		1				-
368	BIRC5	332	NUCLEAR EXPRESSION	N/A		0				-
369	TP53	7157	Wildtype	wild_type		0				-
370	MRE11	4361	LOSS	loss_of_function_variant		0				-
371	TOP1	7150	AMPLIFICATION	transcript_amplification		0				-
372	CDKN1B	1027	EXPRESSION	N/A		0				-
373	AGR2	10551	EXPRESSION	N/A		0				-
374	NAPRT	93100	PROMOTER HYPERMETHYLATION	N/A		0				-
375	EGFR	1956	Exon 18 Overexpression	exon_variant		0				-
376	ZEB1	6935	Expression	N/A		0				-
377	TIMP1	7076	OVEREXPRESSION	N/A		0				-
378	PTP4A3	11156	OVEREXPRESSION	N/A		0				-
379	TYMS	7298	Amplification	transcript_amplification		0				-
380	IGF1R	3480	EXPRESSION	N/A		0				-
381	EPHB4	2050	EXPRESSION	N/A		0				-
382	TYMS	7298	Underexpression	N/A		0				-
383	TOP2A	7153	EXPRESSION	N/A		0				-
384	TOP1	7150	EXPRESSION	N/A		0				-
385	PRKAA2	5563	T172 PHOSPHORYLATION	N/A		0				-
386	HSPA5	3309	EXPRESSION	N/A		0				-
387	EIF4EBP1	1978	PHOSPHORYLATION	N/A		0				-
388	KIT	3815	MUTATION	transcript_variant,gain_of_function_variant		0				-
389	TUBB3	10381	EXPRESSION	N/A		0				-
390	EGFR	1956	Y1092 PHOSPHORYLATION	N/A		0				-
391	IGF1R	3480	NUCLEAR EXPRESSION	N/A		0				-
392	CFLAR	8837	EXPRESSION	N/A		0				-
393	PROM1	8842	EXPRESSION	N/A		0				-
394	FOXP3	50943	EXPRESSION	N/A		0				-
395	RPS6	6194	PHOSPHORYLATION	N/A		0				-
396	JAK1	3716	OVEREXPRESSION	N/A		0				-
397	BRCA1	672	Expression	N/A		0				-
398	DUSP6	1848	EXPRESSION	N/A		0				-
399	BRAF	673	Mutation	gene_variant,gain_of_function_variant		0				-
400	HSPB1	3315	EXPRESSION	N/A		0				-
401	NQO1	1728	EXPRESSION	N/A		0				-
402	NQO1	1728	P187S	missense_variant		1				-
403	BRCA1	672	Underexpression	N/A		0				-
405	CXCR4	7852	EXPRESSION	N/A		0				-
406	MAGEH1	28986	EXPRESSION	N/A		0				-
407	ABCC3	8714	AMPLIFICATION	transcript_amplification		0				-
408	ABCC10	89845	Overexpression	N/A		0				-
409	ASNS	440	AMPLIFICATION	transcript_amplification		0				-
410	CDX2	1045	EXPRESSION	N/A		0				-
411	STAT3	6774	SH2 DOMAIN MUTATION	protein_altering_variant		0				-
412	POU5F1	5460	EXPRESSION	N/A		0				-
413	ERBB2	2064	Kinase Domain Mutation	protein_altering_variant		0				-
414	ERBB2	2064	Y772_A775dup	inframe_insertion		1				-
415	EGFR	1956	C797S	missense_variant		1				-
416	ERBB2	2064	SERUM LEVELS	N/A		0				-
417	THBS2	7058	UNDEREXPRESSION	N/A		0				-
419	NTRK1	4914	*-NTRK1	transcript_fusion,any_mate		1				-
420	IDH1	3417	R132H	missense_variant		1				-
421	TERT	7015	RS2736100	coding_transcript_intron_variant,polymorphic_sequence_variant		0				-
422	STAG2	10735	UNDEREXPRESSION	N/A		0				-
423	HLA-DRA	3122	EXPRESSION	N/A		0				-
424	MYD88	4615	L265P	missense_variant,gain_of_function_variant		1				-
425	KRAS	3845	G12V	missense_variant		1				-
426	BRAF	673	WILD TYPE	wild_type		0				-
427	NRAS	4893	Q61K	missense_variant		1				-
428	MRE11	4361	FRAMESHIFT MUTATION	frameshift_variant		0				-
429	KIT	3815	EXPRESSION	N/A		0				-
431	CBFB	865	CBFB-MYH11	transcript_fusion		1				-
432	KMT2A	4297	MLL-MLLT3	transcript_fusion		1				-
433	HIF1A	3091	3' UTR Polymorphism	3_prime_UTR_variant,SNP		0				-
434	HIF1A	3091	OVEREXPRESSION	N/A		0				-
435	EPAS1	2034	OVEREXPRESSION	N/A		0				-
436	VHL	7428	LOSS	loss_of_function_variant		0				-
437	FLT3	2322	D835	protein_altering_variant		1				-
438	PSMB8	5696	NUCLEAR EXPRESSION	N/A		0				-
439	PBK	55872	NUCLEAR EXPRESSION	N/A		0				-
440	PTTG1	9232	OVEREXPRESSION	N/A		0				-
441	LEPR	3953	UNDEREXPRESSION	N/A		0				-
442	EGFR	1956	Mutation	inframe_variant		0				-
443	EGFR	1956	G465R	missense_variant		1				-
444	NEDD9	4739	EXPRESSION	N/A		0				-
445	ETS2	2114	RS461155	synonymous_variant		0				-
446	KRT18	3875	UNDEREXPRESSION	N/A		0				-
447	FGF13	2258	CYTOPLASMIC EXPRESSION	N/A		0				-
448	SSX1	6756	SS18-SSX1	transcript_fusion		1				-
449	SSX2	6757	SS18-SSX2	transcript_fusion		1				-
450	SSX4	6759	SS18-SSX4	transcript_fusion		1				-
451	ABCB1	5243	S893A	missense_variant		2	additional_possible	S893T		-
453	EGFR	1956	S492R	missense_variant		1				-
454	EGFR	1956	R451C	missense_variant		1				-
455	EGFR	1956	K467T	missense_variant		1				-
456	FCGR2A	2212	H167R	missense_variant		1				-
457	FCGR3A	2214	F212V	missense_variant		1				-
458	FCGR2B	2213	I232T	missense_variant		1				-
460	EGFR	1956	P753S	missense_variant		1				-
461	PML	5371	B2 DOMAIN MUTATION	missense_variant		0				-
462	PML	5371	PML-RARA	missense_variant,transcript_fusion		2	missense_variant	A216V		-
463	PML	5371	PML-RARA	missense_variant,transcript_fusion		2	missense_variant	L218P		-
464	MET	4233	EXON 14 MUTATION and AMPLIFICATION	exon_loss_variant,transcript_amplification		0				-
465	ROS1	6098	CD74-ROS1	missense_variant,transcript_fusion		2	missense_variant	G2032R		-
466	FGFR1	2260	ZNF198-FGFR1	transcript_fusion		1				-
467	KDR	3791	A1065T	missense_variant		1				-
468	KDR	3791	D717V	missense_variant		1				-
469	TSC2	7249	Q1178*	stop_gained		1				-
470	MTOR	2475	F2108L	missense_variant		1				-
471	RAD51D	5892	R186*	stop_gained		1				-
472	ALDH1A2	8854	Overexpression	N/A		0				-
473	ALDH1A2	8854	Underexpression	N/A		0				-
474	CIP2A	57650	EXPRESSION	N/A		0				-
475	CIP2A	57650	UNDEREXPRESSION	N/A		0				-
476	MIR218-1	407000	EXPRESSION	N/A		0				-
477	BRCA1	672	P968fs	frameshift_truncation		1				-
479	KRAS	3845	Q22*	stop_gained		1				-
481	DDX43	55510	OVEREXPRESSION	N/A		0				-
482	KIT	3815	RS3733542	synonymous_variant		0				-
483	TBK1	29110	OVEREXPRESSION	N/A		0				-
485	STK11	6794	LOSS	loss_of_function_variant		0				-
486	HAVCR2	84868	OVEREXPRESSION	N/A		0				-
487	MMP2	4313	SERUM LEVELS	N/A		0				-
488	MMP9	4318	SERUM LEVELS	N/A		0				-
490	HSPH1	10808	NUCLEAR EXPRESSION	N/A		0				-
491	HSPH1	10808	T17 DELETION	short_tandem_repeat_variation		0				-
492	ECSCR	641700	EXPRESSION	N/A		0				-
493	ROBO4	54538	EXPRESSION	N/A		0				-
494	PIM1	5292	NUCLEAR EXPRESSION	N/A		0				-
495	MDM2	4193	SNP309	coding_transcript_intron_variant		1				-
496	ERBB2	2064	L866M	missense_variant		1				-
497	ERBB2	2064	S310F	missense_variant		2	additional_possible	S310Y		-
498	MIR218-1	407000	UNDEREXPRESSION	N/A		0				-
499	ALK	238	ALK-*	transcript_fusion	Fusion	1				-
500	ALK	238	EML4-ALK	transcript_fusion		3	exon	EML4 exon 20	exon	ALK exon 20
501	ALK	238	EML4-ALK	transcript_fusion		3	exon	EML4 exon 2	exon	ALK exon 20
502	KDR	3791	R961W	missense_variant		1				-
503	ALK	238	EML4-ALK	transcript_fusion		3	exon	EML4 exon 6	exon	ALK exon 20
504	TP53	7157	P47S	missense_variant		1				-
505	GNAQ	2776	MUTATION			0				-
506	GNA11	2767	MUTATION			0				-
507	GNAQ	2776	Q209	protein_altering_variant		1				-
508	PMS2	5395	K706fs*19	minus_1_frameshift_variant		1				-
509	KIT	3815	Exon 9 Mutation	exon_variant		0				-
510	PTEN	5728	Mutation	protein_altering_variant		0				-
511	FGFR2	2263	Mutation	transcript_variant,gain_of_function_variant		0				-
512	ALK	238	Mutation	gene_variant,gain_of_function_variant		0				-
513	ALK	238	NPM-ALK	transcript_fusion		1				-
514	ALK	238	RANBP2-ALK	transcript_fusion		1				-
515	FGFR1	2260	N546K	missense_variant		1				-
516	ROS1	6098	CD74-ROS1	missense_variant,transcript_fusion		2	missense_variant	L2026M		-
517	ROS1	6098	CD74-ROS1	missense_variant,transcript_fusion		2	missense_variant	L2155S		-
518	ROS1	6098	CD74-ROS1	missense_variant,transcript_fusion		2	missense_variant	G2101A		-
519	FLT3	2322	Mutation	transcript_variant,gain_of_function_variant		0				-
520	ALK	238	CLTC-ALK	transcript_fusion		1				-
521	U2AF1	7307	MUTATION	protein_altering_variant		0				-
522	BRAF	673	L485_P490del	inframe_deletion	orig DEL 485-490	1				-
524	DUX4	100288687	DUX4-*	transcript_fusion	Fusion	1				-
525	B4GALT1	2683	Overexpression	N/A		0				-
526	BCL2L11	10018	DELETION POLYMORPHISM	polymorphic_sequence_variant		0				-
527	ALK	238	*-ALK	missense_variant,transcript_fusion,any_mate	atl allele added manually	2	missense_variant	I1171T		-
528	ALK	238	EML4-ALK	missense_variant,transcript_fusion		2	missense_variant	V1180L		-
529	SIRT1	23411	OVEREXPRESSION	N/A		0				-
530	KRAS	3845	G12R	missense_variant		1				-
531	TP53	7157	P72R	missense_variant		1				-
532	PALB2	79728	Biallelic Inactivation	loss_of_function_variant		0				-
533	SMAD4	4089	Expression	N/A		0				-
534	FANCC	2176	LOSS-OF-FUNCTION	loss_of_function_variant		0				-
535	PDGFRB	5159	EBF1-PDGFRB	transcript_fusion		1				-
537	RB1	5925	EXPRESSION	N/A		0				-
538	MLH1	4292	METHYLATION	N/A		0				-
539	PTPN11	5781	Overexpression	N/A		0				-
540	FLT3	2322	T227M	missense_variant,SNP		1				-
541	PALB2	79728	L531fs*30	minus_1_frameshift_variant,SNP		1				-
542	MTOR	2475	S2215Y	missense_variant		1				-
543	MTOR	2475	C1483Y	missense_variant		1				-
544	MTOR	2475	E1799K	missense_variant		1				-
545	FGFR2	2263	N550K	missense_variant,gain_of_function_variant		1				-
546	ACTA1	58	EXPRESSION	N/A		0				-
547	RB1	5925	OVEREXPRESSION	N/A		0				-
548	PPP1R15A	23645	RS557806	missense_variant,polymorphic_sequence_variant		0				-
549	ALK	238	F1245C	missense_variant		1				-
550	ALK	238	Exon 4-11 Deletion	inframe_deletion		0				-
551	ALK	238	EML4-ALK	missense_variant,transcript_fusion	EML4 mate by manually	2	missense_variant	F1245C		-
552	ALK	238	EML4-ALK	missense_variant,transcript_fusion	EML4 mate by manually	2	missense_variant	G1269A		-
553	CDK4	1019	AMPLIFICATION	transcript_amplification		0				-
554	CDKN2A	1029	Loss	loss_of_function_variant		0				-
555	CDKN2B	1030	LOSS	transcript_ablation		0				-
556	CDK4	1019	R24C	missense_variant		1				-
557	ASXL1	171023	EXON 12 MUTATION	exon_variant		0				-
558	GNA11	2767	Q209	missense_variant		1				-
559	CALR	811	EXON 9 FRAMESHIFT	exon_variant		0				-
560	CSF3R	1441	Mutation	protein_altering_variant		0				-
562	EGFR	1956	S768I	missense_variant		1				-
563	BRAF	673	V600K	missense_variant		1				-
564	SMAD4	4089	LOSS	loss_of_function_variant		0				-
565	SF3B1	23451	K700E	missense_variant		1				-
566	MAP2K7	5609	E116K	missense_variant		1				-
567	PDGFRA	5156	PDGFRA-*	transcript_fusion	Fusion	1				-
568	PDGFRB	5159	PDGFRB-*	transcript_fusion	Fusion	1				-
569	FGFR1	2260	FGFR1-*	transcript_fusion	Fusion	1				-
570	IDH2	3418	Mutation	protein_altering_variant		0				-
571	JAK2	3717	PCM1-JAK2	transcript_fusion		1				-
572	MTOR	2475	E2014K	missense_variant		1	missense_variant	E2419K		-
573	RICTOR	253260	AMPLIFICATION	transcript_amplification		0				-
574	PDGFRA	5156	FIP1L1-PDGFRA	transcript_fusion		1				-
576	ROS1	6098	TFG-ROS1	transcript_fusion		1				-
577	PDGFRA	5156	FIP1L1-PDGFRA	missense_variant,transcript_fusion		2	missense_variant	T674I		-
578	BIRC5	332	OVEREXPRESSION	N/A		0				-
579	BRAF	673	D594A	missense_variant		1				-
580	BRAF	673	D594V	missense_variant		1				-
581	BRAF	673	K483M	missense_variant,loss_of_function_variant		1				-
582	BRAF	673	L597S	missense_variant		1				-
583	BRAF	673	L597Q	missense_variant		1				-
584	BRAF	673	K601E	missense_variant		1				-
585	BRAF	673	L597V	missense_variant		1				-
586	KIT	3815	Amplification	transcript_amplification		0				-
587	NF1	4763	Mutation	protein_altering_variant,loss_of_function_variant		0				-
588	ALK	238	HIP1-ALK	missense_variant,transcript_fusion		2	missense_variant	I1171N		-
589	ALK	238	EML4-ALK	missense_variant,transcript_fusion		2	missense_variant	I1171S		-
590	BIRC3	330	TRUNCATING MUTATION	frameshift_variant		1				-
591	RAF1	5894	AMPLIFICATION	transcript_amplification		0				-
592	KRAS	3845	Amplification	transcript_amplification		0				-
594	CEBPA	1050	BIALLELIC INACTIVATION	loss_of_function_variant		0				-
595	SRSF2	6427	MUTATION	gene_variant		0				-
596	NRAS	4893	G12	protein_altering_variant		2	additional_possible	G13		-
597	RET	5979	Overexpression	N/A		0				-
599	CTLA4	1493	CTLA4-CD28	transcript_fusion		1				-
600	AR	367	MUTATION	transcript_variant		0				-
601	NOTCH1	4851	LOSS-OF-FUNCTION	loss_of_function_variant		0				-
602	CDK6	1021	OVEREXPRESSION	N/A		0				-
603	FLT3	2322	Overexpression	N/A		0				-
604	GNAQ	2776	Q209P	missense_variant		1				-
605	PTEN	5728	V317fs	frameshift_variant		1				-
606	RB1	5925	LOSS-OF-FUNCTION	loss_of_function_variant		0				-
607	ESR1	2099	Overexpression	N/A		0				-
609	MTOR	2475	M2327I	missense_variant		1				-
610	MTOR	2475	A2034V	missense_variant		1				-
611	BRAF	673	D594G	missense_variant		1				-
612	FLT3	2322	D835H	missense_variant		1				-
613	FLT3	2322	D835H	missense_variant		2	additional_possible	D835Y		-
614	JAK1	3716	Q503*	stop_gained		1				-
615	JAK2	3717	c.1641+1dup			0				-
616	B2M	567	S14fs	frameshift_truncation		1				-
617	BRAF	673	PPFIBP2-BRAF	transcript_fusion		1				-
618	BRAF	673	KIAA1549-BRAF	transcript_fusion		1				-
621	MET	4233	Overexpression	N/A		0				-
623	POT1	25913	MUTATION	protein_altering_variant,loss_of_function_variant		0				-
624	MKI67	4288	EXPRESSION	N/A		0				-
625	RAD23B	5887	EXPRESSION	N/A		0				-
626	RET	5979	CCDC6-RET	transcript_fusion		1				-
627	MAP2K1	5604	C121S	missense_variant		1				-
628	FGFR3	2261	S249C	missense_variant		1				-
629	FGFR2	2263	Amplification	transcript_amplification		0				-
630	FGF3	2248	AMPLIFICATION	transcript_amplification		0				-
631	VHL	7428	R200W	missense_variant	c.598C>T (redundant)	1				-
632	RB1	5925	PHOSPHORYLATION	N/A		0				-
633	PIK3R1	5295	MUTATION	missense_variant,gain_of_function_variant		0				-
634	STK11	6794	D194E	missense_variant,loss_of_heterozygosity		1				-
635	AKT2	208	Amplification	transcript_amplification		0				-
636	PTEN	5728	R130*	stop_gained		1				-
637	FBXW7	55294	LOSS-OF-FUNCTION	loss_of_function_variant		0				-
638	RB1	5925	M695fs*26	frameshift_truncation		1				-
639	JUN	3725	OVEREXPRESSION	N/A		0				-
640	FOS	2353	OVEREXPRESSION	N/A		0				-
641	CDKN2A	1029	RS3814960	5_prime_UTR_exon_variant		0				-
642	MDM2	4193	RS34886328	3_prime_UTR_truncation		0				-
643	CBLB	868	RS2305035	synonymous_variant,polymorphic_sequence_variant		0				-
644	PRDM1	639	MUTATION	transcript_variant,loss_of_function_variant		0				-
645	IDH1	3417	Mutation	transcript_variant		0				-
646	SMAD4	4089	Deletion	transcript_ablation		0				-
647	LRP1B	53353	DELETION	transcript_ablation		0				-
648	ATRX	546	Underexpression	N/A		0				-
649	MET	4233	D1228N	missense_variant		1				-
650	CASP8	841	D302H	missense_variant,polymorphic_sequence_variant		1				-
651	AXL	558	EXPRESSION	N/A		0				-
652	GAS6	2621	EXPRESSION	N/A		0				-
653	ETV4	2118	OVEREXPRESSION	N/A		0				-
654	STAG3	10734	UNDEREXPRESSION	N/A		0				-
655	MAP2K1	5604	Q56_V60del	inframe_deletion		1				-
656	BRAF	673	BRAF-CUL1	transcript_fusion		1				-
657	BRAF	673	ZKSCAN1-BRAF	transcript_fusion		1				-
658	BRAF	673	L505H	missense_variant		1				-
660	HIF1A	3091	EXPRESSION	N/A		0				-
661	BRCA2	675	D3095E	missense_variant		1				-
662	MLH1	4292	EXPRESSION	N/A		0				-
663	BCOR	54880	Mutation	transcript_variant		0				-
664	CDH1	999	MUTATION	transcription_variant		0				-
665	RHOA	387	MUTATION	transcription_variant,gain_of_function_variant		0				-
666	ERBB2	2064	Mutation	missense_variant		0				-
667	MEN1	4221	FRAMESHIFT TRUNCATION	frameshift_truncation		0				-
668	KMT2C	58508	MUTATION	transcription_variant,loss_of_function_variant		0				-
669	STAG2	10735	MUTATION	protein_altering_variant		0				-
670	MYCL	4610	EXPRESSION	N/A		0				-
671	HGF	3082	EXPRESSION	N/A		0				-
672	SOX10	6663	LOSS	loss_of_function_variant		0				-
673	FGF2	2247	EXPRESSION	N/A		0				-
674	EIF1AX	1964	MUTATION	transcript_variant		0				-
683	PAX8	7849	Expression	N/A		0				-
691	ERRFI1	54206	E384*	stop_gained,loss_of_function_variant		1				-
692	ESR1	2099	S463P	missense_variant		1				-
693	SGK1	6446	Overexpression	N/A		0				-
694	BRAF	673	G596C	missense_variant		1				-
695	SMARCB1	6598	UNDEREXPRESSION	N/A		0				-
696	SMARCB1	6598	DELETION	transcript_ablation		0				-
697	NF2	4771	Loss	loss_of_function_variant		0				-
698	NF1	4763	Loss	loss_of_function_variant		0				-
699	SH2B3	10019	RS3184504	missense_variant,polymorphic_sequence_variant		0				-
700	KIF23	9493	EXPRESSION	N/A		0				-
701	ERBB3	2065	V104M	missense_variant		1				-
702	ERBB3	2065	R103G	missense_variant		1				-
703	ERBB3	2065	G284R	missense_variant		1				-
705	GADD45A	1647	rs681673	coding_transcript_intron_variant		0				-
706	EWSR1	2130	EWSR1-FLI1	transcript_fusion		1				-
708	BRCA2	675	TRUNCATING MUTATION	feature_truncation		0				-
709	BRCA1	672	Alu insertion			0				-
711	KLLN	100144748	PROMOTER METHYLATION	gene_silenced_by_DNA_methylation		0				-
712	EGFR	1956	D761Y	missense_variant		1				-
713	CRBN	51185	MUTATION			0				-
714	TSC1	7248	R1062W	missense_variant		1				-
715	STK11	6794	Mutation	gene_variant		0				-
716	PDGFRA	5156	Amplification	transcript_amplification		0				-
717	DDIT3	1649	EWSR1-DDIT3	transcript_fusion		1				-
718	EGFR	1956	G719	protein_altering_variant		1				-
719	BRD4	23476	BRD4-NUTM1			1				-
720	EGFR	1956	S720	protein_altering_variant		1				-
721	CYP2D6	1565	LOSS-OF-FUNCTION	loss_of_function_variant		0				-
722	DDIT3	1649	FUS-DDIT3	transcript_fusion		1				-
723	EGFR	1956	K757R	missense_variant		1				-
724	EGFR	1956	E746G	missense_variant		1				-
725	MLH1	4292	E13fs	minus_1_frameshift_variant,frameshift_truncation		1				-
726	EGFR	1956	Exon 20 Insertion	inframe_insertion		0				-
727	MSH2	4436	R383*	stop_gained		1				-
728	MLH1	4292	V534R	missense_variant		1				-
729	UGT1A1	54658	UGT1A1*28	microsatellite		0				-
730	MLH1	4292	G606fs*2	frameshift_truncation		1				-
731	MLH1	4292	c.790+1G>A	splice_donor_variant		0				-
732	UGT1A1	54658	UGT1A1*60	microsatellite		0				-
733	MLH1	4292	K618del	inframe_deletion		1				-
734	MLH1	4292	P138T			1				-
735	MLH1	4292	R687fs	frameshift_variant		1				-
736	EGFR	1956	V769_D770insASV	direct_tandem_duplication	orig V769_770insASV	1				-
737	DPYD	1806	DPYD*2A HOMOZYGOSITY	splice_donor_variant		0				-
738	DPYD	1806	DPYD*13 HOMOZYGOSITY	missense_variant		0				-
739	FOS	2353	TRUNCATING FUSION	stop_gained,transcript_fusion		0				-
740	DPYD	1806	RS67376798 HOMOZYGOSITY	polymorphic_sequence_variant		0				-
741	MLH1	4292	R100*	stop_gained		1				-
742	WWTR1	25937	WWTR1-CAMTA1	transcript_fusion		1				-
743	MLH1	4292	T117M	missense_variant		1				-
744	MLH1	4292	Q426fs	frameshift_truncation		1				-
745	MLH1	4292	V49A	missense_variant		1				-
746	MLH1	4292	D667fs	frameshift_truncation		1				-
747	MLH1	4292	M1L	missense_variant		1				-
748	MLH1	4292	X757L	stop_lost		1				-
749	MLH1	4292	R265G	missense_variant		1				-
750	MLH1	4292	V213fs	frameshift_truncation		1				-
751	MLH1	4292	N551T	missense_variant		1				-
752	MLH1	4292	A424T	missense_variant		1				-
753	MLH1	4292	Q149*	stop_gained		1				-
754	MLH1	4292	R226*	stop_gained		1				-
756	MLH1	4292	P536fs	frameshift_truncation		1				-
757	MLH1	4292	G67R	missense_variant		1				-
758	MLH1	4292	I68S	missense_variant		1				-
759	MLH1	4292	G65D	missense_variant		1				-
760	MLH1	4292	A681V	missense_variant		1				-
761	MSH6	2956	P138T	missense_variant		1				-
762	MSH2	4436	V273fs	frameshift_variant		1				-
763	MSH2	4436	E28fs	frameshift_elongation		1				-
764	VHL	7428	E55Gfs*76	frameshift_truncation	orig E55fs (c.163_164delGA) [is Glu55Gly* at 130)	1				-
765	MSH6	2956	I891fs	frameshift_truncation		1				-
766	VHL	7428	E55Rfs*11	frameshift_truncation	orig E55RfsTer11 (c.163delG)	1				-
767	MSH6	2956	R1242H	missense_variant		1				-
768	PMS2	5395	R315*	stop_gained		1				-
769	MLH1	4292	M490T	missense_variant		1				-
770	MSH2	4436	K172*	stop_gained		1				-
771	VHL	7428	A56fs	frameshift_truncation	orig A56FS (c.164_165insG)	1				-
772	HOXB13	10481	G84E	missense_variant		1				-
773	MSH2	4436	E483G	missense_variant		1				-
774	PDGFRA	5156	TNKS2-PDGFRA	transcript_fusion		1				-
775	MSH6	2956	V352I	missense_variant		1				-
776	MSH6	2956	R1242C	missense_variant		1				-
777	SLCO1B1	10599	RS4149056	missense_variant,polymorphic_sequence_variant		0				-
778	SLCO1B1	10599	N130D	missense_variant		1				-
779	TYMS	7298	RS34743033			0				-
780	GLI1	2735	ACTB-GLI1	gene_fusion		1				-
781	ERBB3	2065	V855A	missense_variant		1				-
782	FGFR2	2263	FGFR2-BICC1	transcript_fusion		1				-
783	FGFR2	2263	FGFR2-AHCYL1	transcript_fusion		1				-
784	CDKN2B	1030	METHYLATION	N/A		0				-
785	CHEK2	11200	1100delC	frameshift_truncation		1				-
787	CHEK2	11200	I157T	missense_variant		1				-
788	CHEK2	11200	IVS2+1G>A			0				-
792	PTPRD	5789	V253I	missense_variant		1				-
793	VHL	7428	A56fs	frameshift_truncation	orig A56fs (c.164_165insA)	1				-
794	VHL	7428	E55E	synonymous_variant	orig E55= (c.165G>A)	1				-
795	RRM1	6240	Overexpression	N/A		0				-
796	RRM2	6241	OVEREXPRESSION	N/A		0				-
797	POLE	5426	MUTATION	gene_variant		0				-
798	MET	4233	D1228V	missense_variant		1				-
799	RB1	5925	MUTATION	gene_variant		0				-
800	NTRK1	4914	SQSTM1-NTRK1	transcript_fusion		1				-
801	NTRK3	4916	ETV6-NTRK3	transcript_fusion		1				-
802	RUNX1	861	K83E	missense_variant		1				-
803	RUNX1	861	Y260*	stop_gained		1				-
804	RUNX1	861	R135fs*177		orig R135fsX177	1				-
805	NTRK3	4916	ETV6-NTRK3	missense_variant,transcript_fusion	orig ETV6-NTRK3 G623R	2	missense_variant	G623R		-
806	RUNX1	861	D198Y	missense_variant,loss_of_function_variant		1				-
807	RUNX1	861	A107P	missense_variant		1				-
808	MSH2	4436	LOSS	loss_of_function_variant		0				-
809	MSH6	2956	LOSS	loss_of_function_variant		0				-
810	RUNX1	861	T148Hfs*9	frameshift_truncation	orig T148HFSX9	1				-
814	DDX41	51428	R164W	missense_variant		1				-
816	ERBB2	2064	G776L	missense_variant		1				-
817	ERBB2	2064	G778_P780dup	inframe_insertion		1				-
818	ERBB2	2064	M774delinsWLV	inframe_indel		1				-
819	PTPRB	5787	LOSS-OF-FUNCTION	loss_of_function_variant		0				-
820	VHL	7428	A149S	missense_variant	orig A149S (c.445G>T), all first codons	1				-
821	HLA-C	3107	COPY-NEUTRAL LOSS OF HETEROZYGOSITY			0				-
822	JAK1	3716	S703I	missense_variant		1				-
823	EPCAM	4072	3' EXON DELETION	disruptive_inframe_deletion		0				-
825	ARAF	369	S490T	missense_variant		1				-
826	GNAS	2778	R201C	missense_variant		1				-
827	FGFR3	2261	Mutation			0				-
829	VHL	7428	M54Ifs	frameshift_truncation	orig M54IFS (c.162_166delGGAGG)	1				-
830	FGFR3	2261	FGFR3-TACC3	transcript_fusion		1				-
838	PTEN	5728	R173C	missense_variant		1				-
839	ALK	238	Alternative Transcript (ATI)			0				-
843	VHL	7428	Exon 1-3 Deletion	exon_loss_variant		0				-
844	VHL	7428	Exon 1 Deletion	exon_loss_variant		0				-
845	VHL	7428	Exon 1-2 Deletion	exon_loss_variant		0				-
846	VHL	7428	M1fs	start_lost	orig M1FS (c.1_17del17)	1				-
847	VHL	7428	M1?	start_lost	orig M1? (c.1-1_20del21)	1				-
848	VHL	7428	M1?	start_lost	orig M1? (c.3G>A)	1				-
849	VHL	7428	N7D	missense_variant	orig N7D (c.19A>G), all triplets	1				-
850	VHL	7428	P25L	missense_variant	orig P25L (c.74C>T), all triplets	1				-
851	VHL	7428	P59fs	plus_1_frameshift_variant,frameshift_truncation	orig P59fs (c.173_174insC)	1				-
852	VHL	7428	Y98fs	frameshift_truncation	orig Y98fs (c.291_310del20)	1				-
860	NTRK1	4914	Overexpression	N/A		0				-
862	PDGFRA	5156	P577S	missense_variant		1				-
863	PDGFRA	5156	R841K	missense_variant		1				-
864	PDGFRA	5156	H845Y	missense_variant		1				-
865	PDGFRA	5156	G853D	missense_variant		1				-
867	MTAP	4507	Underexpression			0				-
868	VPS37A	137492	UNDEREXPRESSION	N/A		0				-
870	BTK	695	T316A	missense_variant		1				-
871	ERBB2	2064	T862A	missense_variant		1				-
872	ERBB2	2064	V773A	missense_variant		1				-
873	ERBB2	2064	N857S	missense_variant		1				-
874	ERBB2	2064	H878Y	missense_variant		1				-
875	ERBB2	2064	Overexpression	N/A		0				-
876	GNAS	2778	R201	amino_acid_substitution		1				-
877	GNAS	2778	c.393T>C	missense_variant		0				-
878	NRAS	4893	G12D	missense_variant		1				-
879	TP53	7157	G245S	missense_variant		1				-
881	PIK3CA	5290	E545Q	missense_variant		1				-
883	PIK3CA	5290	E545G	missense_variant		1				-
885	PIK3CA	5290	Q546K	missense_variant		1				-
892	ABL1	25	BCR-ABL1	missense_variant,transcript_fusion	orig BCR-ABL F359V	2	missense_variant	F359V		-
893	NRAS	4893	Q61H	missense_variant		1				-
896	NRAS	4893	G13R	missense_variant		1				-
897	NRAS	4893	G12C	missense_variant		1				-
901	ATM	472	T2666A	missense_variant		1				-
903	ATM	472	R3008C	missense_variant		1				-
905	KRAS	3845	A146P	missense_variant		1				-
906	KRAS	3845	A146T	missense_variant		1				-
907	KRAS	3845	Q61H	missense_variant		1				-
908	KRAS	3845	Q61L	missense_variant		1				-
909	KRAS	3845	Q61R	missense_variant		1				-
910	KRAS	3845	Q61K	missense_variant		1				-
913	KRAS	3845	G12S	missense_variant		1				-
916	TP53	7157	R282W	missense_variant		1				-
918	TP53	7157	R273L	missense_variant		1				-
922	TP53	7157	Y220C	missense_variant		1				-
929	PIK3CA	5290	R88Q	missense_variant		1				-
930	PIK3CA	5290	N345K	missense_variant		1				-
931	PIK3CA	5290	C420R	missense_variant		1				-
940	PIK3CA	5290	G1049R	missense_variant		1				-
941	PDGFRA	5156	V561D	missense_variant		1				-
943	PDGFRA	5156	D842_H845delDIMH			1				-
946	KIT	3815	Y503_F504insAY	inframe_insertion		1				-
948	KIT	3815	K550_W557del	inframe_deletion		1				-
949	KIT	3815	K550_K558del	inframe_deletion		1				-
961	KIT	3815	W557_K558del	conservative_inframe_deletion		1				-
964	KIT	3815	K558_V559del			1				-
968	KIT	3815	V559D	missense_variant		1				-
971	KIT	3815	V560D	missense_variant		1				-
972	KIT	3815	V560G	missense_variant		1				-
977	KIT	3815	D579del	conservative_inframe_deletion		1				-
978	KIT	3815	K642E	missense_variant		1				-
983	KIT	3815	D816H	missense_variant		1				-
986	KIT	3815	D820Y	missense_variant		1				-
987	KIT	3815	N822H	missense_variant		1				-
989	KIT	3815	Y823D	missense_variant		1				-
990	KIT	3815	A829P	missense_variant		1				-
992	BRAF	673	G469A	missense_variant		1				-
993	BRAF	673	G469E	missense_variant		1				-
994	EGFR	1956	R108K	missense_variant		1				-
995	EGFR	1956	T263P	missense_variant		1				-
996	EGFR	1956	A289V	missense_variant		1				-
999	EGFR	1956	G719A	missense_variant		1				-
1001	EGFR	1956	V742A	missense_variant		1				-
1002	EGFR	1956	E746_A750del	inframe_deletion		1				-
1003	EGFR	1956	E746_T751>I			0				-
1012	EGFR	1956	L747_P753delinsS	inframe_deletion		1				-
1017	EGFR	1956	R831H	missense_variant		1				-
1018	EGFR	1956	L838V	missense_variant		1				-
1020	EGFR	1956	L861Q	missense_variant		1				-
1021	ABL1	25	BCR-ABL1	missense_variant,transcript_fusion	edited ABL to ABL1	2	missense_variant	M244V		-
1022	ABL1	25	BCR-ABL1	missense_variant,transcript_fusion	edited ABL to ABL1	2	missense_variant	L248V		-
1023	ABL1	25	BCR-ABL1	missense_variant,transcript_fusion	edited ABL to ABL1	2	missense_variant	G250E		-
1024	ABL1	25	BCR-ABL1	missense_variant,transcript_fusion	edited ABL to ABL1	2	missense_variant	Q252H		-
1025	ABL1	25	BCR-ABL1	missense_variant,transcript_fusion	edited ABL to ABL1	2	missense_variant	Y253H		-
1026	ABL1	25	BCR-ABL1	missense_variant,transcript_fusion	edited ABL to ABL1	2	missense_variant	Y253F		-
1027	ABL1	25	BCR-ABL1	missense_variant,transcript_fusion	edited ABL to ABL1	2	missense_variant	D276G		-
1029	ABL1	25	BCR-ABL1	missense_variant,transcript_fusion	edited ABL to ABL1	2	missense_variant	M351T		-
1030	ABL1	25	BCR-ABL1	missense_variant,transcript_fusion	edited ABL to ABL1	2	missense_variant	H396R		-
1066	TP53	7157	M237I	missense_variant		1				-
1068	TP53	7157	Y234C	missense_variant		1				-
1092	TP53	7157	V157F	missense_variant		1				-
1106	BRAF	673	G464V	missense_variant		1				-
1108	TP53	7157	R282L	missense_variant		1				-
1109	TP53	7157	R213P	missense_variant		1				-
1114	TP53	7157	A161T	missense_variant		1				-
1151	PIK3CA	5290	H1047L	missense_variant		1				-
1152	ABL1	25	BCR-ABL1	missense_variant,transcript_fusion	orig BCR-ABL1 F486S	2	missense_variant	F486S		-
1155	ATM	472	K293*	stop_gained		1				-
1158	ATM	472	F1025L	missense_variant		1				-
1160	ATM	472	D1930V	missense_variant		1				-
1162	ATM	472	E2187*	stop_gained		1				-
1163	ATM	472	L2427P	missense_variant		1				-
1164	ATM	472	F2732V	missense_variant		1				-
1166	ATM	472	K468fs	frameshift_variant		1				-
1168	ATM	472	D1682H	missense_variant		1				-
1169	ATM	472	A2062V	missense_variant		1				-
1172	ATM	472	C2488Y	missense_variant		1				-
1173	ABL1	25	BCR-ABL1	missense_variant,transcript_fusion	orig BCR-ABL1 E255V	2	missense_variant	E255V		-
1178	PIK3CA	5290	R93W	missense_variant		1				-
1181	EGFR	1956	R776C	missense_variant		1				-
1183	ABL1	25	BCR-ABL1	missense_variant,transcript_fusion	orig BCR-ABL1 E292V	2	missense_variant	E292V		-
1184	ABL1	25	BCR-ABL1	missense_variant,transcript_fusion	orig BCR-ABL1 F359C	2	missense_variant	F359C		-
1186	BRAF	673	N581S	missense_variant		1				-
1187	EGFR	1956	A864T	missense_variant		1				-
1188	EGFR	1956	N826S	missense_variant		1				-
1198	BRAF	673	A728V	missense_variant		1				-
1207	KRAS	3845	R164Q	missense_variant		1				-
1227	AKT3	10000	E17K	missense_variant		1				-
1230	ABL1	25	BCR-ABL1	missense_variant,transcript_fusion	orig BCR-ABL1 L384M	2	missense_variant	L384M		-
1231	ABL1	25	BCR-ABL1	missense_variant,transcript_fusion	orig BCR-ABL1 V299L	2	missense_variant	V299L		-
1232	ABL1	25	BCR-ABL1	missense_variant,transcript_fusion	orig BCR-ABL1 L387F	2	missense_variant	L387F		-
1233	ABL1	25	BCR-ABL1	missense_variant,transcript_fusion	orig BCR-ABL1 G398R	2	missense_variant	G398R		-
1234	PIK3CA	5290	K111N	missense_variant		1				-
1235	PIK3CA	5290	I391M	missense_variant		1				-
1246	BRCA1	672	Q1467*	stop_gained		1				-
1247	BRCA2	675	M1R	missense_variant		1				-
1248	BRCA2	675	M1I	missense_variant		1				-
1249	BRCA2	675	V159M	missense_variant		1				-
1250	BRCA2	675	V211L	missense_variant		1				-
1251	BRCA2	675	V211I	missense_variant		1				-
1252	BRCA2	675	R2336P	missense_variant		1				-
1255	MGMT	4255	Underexpression	N/A		0				-
1257	RRM1	6240	Underexpression	N/A		0				-
1260	RET	5979	C609Y	missense_variant		1				-
1263	KIT	3815	N822K	missense_variant		1				-
1264	KIT	3815	C809G	missense_variant		1				-
1265	KIT	3815	D820A	missense_variant		1				-
1266	KIT	3815	D820G	missense_variant		1				-
1267	KIT	3815	T670I	missense_variant		1				-
1269	BRAF	673	Amplification	transcript_amplification		0				-
1271	ROS1	6098	G2032R	missense_variant		1				-
1272	MAP2K1	5604	K57N	missense_variant		1				-
1273	CTAG1B	1485	Overexpression	N/A		0				-
1274	CTAG2	30848	Overexpression	N/A		0				-
1277	NTRK3	4916	NTRK3-*	transcript_fusion	Fusion	1				-
1278	NTRK1	4914	LMNA-NTRK1	transcript_fusion		1				-
1280	NTRK1	4914	Amplification	transcript_amplification		0				-
1281	NTRK3	4916	Amplification	transcript_amplification		0				-
1282	NTRK1	4914	LMNA-NTRK1	missense_variant,transcript_fusion	orig LMNA-NTRK1 G595R and G667C	3	missense_variant	G595R	missense_variant	G667C
1284	DCC	1630	EXPRESSION			0				-
1285	CTNNB1	1499	T41A	missense_variant		1				-
1286	CTNNB1	1499	S45F	missense_variant		1				-
1287	CTNNB1	1499	S45P	missense_variant		1				-
1293	ARID1A	8289	LOSS-OF-FUNCTION			0				-
1294	VHL	7428	W8*	stop_gained	orig W8* (c.24G>A)	1				-
1295	ALK	238	F1245V	missense_variant		1				-
1296	CTNNB1	1499	Activating Mutation	transcript_variant,gain_of_function_variant		0				-
1299	MERTK	10461	OVEREXPRESSION	N/A		0				-
1300	TP53	7157	CONSERVED DOMAIN MUT			0				-
1301	AKT3	10000	OVEREXPRESSION			0				-
1302	FLT3	2322	D835V	missense_variant		1				-
1303	MYC	4609	Overexpression			0				-
1306	TP53	7157	Overexpression	N/A		0				-
1307	TP53	7157	ALTERATION			0				-
1319	GNAS	2778	R201H	missense_variant		1				-
1420	EGFR	1956	G719D	missense_variant		1				-
1445	EGFR	1956	D770_N771insSVD			1				-
1446	EGFR	1956	H773_V774insH			1				-
1457	EGFR	1956	L838P	missense_variant		1				-
1463	EGFR	1956	T847I	missense_variant		1				-
1466	EGFR	1956	V851I	missense_variant		1				-
1477	EGFR	1956	L861R	missense_variant		1				-
1482	EGFR	1956	E868G	missense_variant		1				-
1487	ABL1	25	BCR-ABL1	missense_variant,transcript_fusion	orig BCR-ABL1 E355G	2	missense_variant	E355G		-
1488	ABL1	25	BCR-ABL1	missense_variant,transcript_fusion	orig BCR-ABL1 L387M	2	missense_variant	L387M		-
1497	KIT	3815	P551_E554delPMYE	inframe_deletion		1				-
1499	PIK3CA	5290	S158L	missense_variant		1				-
1500	PIK3CA	5290	E81K	missense_variant		1				-
1506	ABL1	25	L298V	missense_variant		1				-
1507	ABL1	25	BCR-ABL1	missense_variant,transcript_fusion	orig BCR-ABL1 F311I	2	missense_variant	F311I		-
1509	ABL1	25	BCR-ABL1	missense_variant,transcript_fusion	orig BCR-ABL1 E453Q	2	missense_variant	E453Q		-
1510	ARID1A	8289	Q456*	stop_gained		1				-
1513	EGFR	1956	H773_V774insNPH	inframe_insertion		1				-
1514	EGFR	1956	D770_N771insGL	inframe_insertion		1				-
1515	EGFR	1956	A763_Y764insFQEA	inframe_insertion		1				-
1517	KRAS	3845	G13V	missense_variant		1				-
1523	ABL1	25	BCR-ABL1	missense_variant,transcript_fusion	orig  BCR-ABL1 F359I	2	missense_variant	F359I		-
1524	ABL1	25	BCR-ABL1	missense_variant,transcript_fusion	orig  BCR-ABL1 M343T	2	missense_variant	M343T		-
1525	ABL1	25	BCR-ABL1	missense_variant,transcript_fusion	orig  BCR-ABL1 F317V	2	missense_variant	F317V		-
1526	ABL1	25	BCR-ABL1	missense_variant,transcript_fusion	orig  BCR-ABL1 E279K	2	missense_variant	E279K		-
1527	ABL1	25	BCR-ABL1	missense_variant,transcript_fusion	orig  BCR-ABL1 Q300R	2	missense_variant	Q300R		-
1528	ABL1	25	BCR-ABL1	missense_variant,transcript_fusion	orig  BCR-ABL1 F311L	2	missense_variant	F311L		-
1529	ABL1	25	BCR-ABL1	missense_variant,transcript_fusion	orig  BCR-ABL1 N331S	2	missense_variant	N331S		-
1530	ABL1	25	BCR-ABL1	missense_variant,transcript_fusion	orig  BCR-ABL1 L364P	2	missense_variant	L364P		-
1531	ABL1	25	BCR-ABL1	missense_variant,transcript_fusion	orig  BCR-ABL1 H396P	2	missense_variant	H396P		-
1532	ABL1	25	BCR-ABL1	missense_variant,transcript_fusion	orig  BCR-ABL1 D421G	2	missense_variant	D421G		-
1534	ABL1	25	BCR-ABL1	missense_variant,transcript_fusion	orig  BCR-ABL1 E450V	2	missense_variant	E450V		-
1535	ABL1	25	BCR-ABL1	missense_variant,transcript_fusion	orig  BCR-ABL1 E453K	2	missense_variant	E453K		-
1536	ABL1	25	BCR-ABL1	missense_variant,transcript_fusion	orig  BCR-ABL1 E453A	2	missense_variant	E453A		-
1537	ABL1	25	BCR-ABL1	missense_variant,transcript_fusion	orig  BCR-ABL1 P480A	2	missense_variant	P480A		-
1549	KIT	3815	K558insNP	inframe_insertion	orig K558NP	1				-
1550	KIT	3815	V560_L576del	inframe_deletion		1				-
1551	KIT	3815	V569_L576del	inframe_deletion		1				-
1555	BRCA1	672	W1815*	stop_gained	orig W1815X	1				-
1558	KIT	3815	A502_Y503insAY	inframe_insertion		1				-
1559	KIT	3815	D816E	missense_variant		1				-
1566	EGFR	1956	D770_N771insGT	inframe_insertion		1				-
1569	EGFR	1956	D770_N771insNPG	inframe_insertion		1				-
1570	SMO	6608	L412F	missense_variant		1				-
1571	EGFR	1956	W731L			1				-
1572	EGFR	1956	E734Q	missense_variant		1				-
1573	EGFR	1956	T785A			1				-
1574	EGFR	1956	C797Y	missense_variant		1				-
1575	EGFR	1956	Y801H			1				-
1579	EGFR	1956	A767_V769dupASV	inframe_insertion		1				-
1580	EGFR	1956	L747_S752delinsQ			1				-
1609	ABL1	25	BCR-ABL1	missense_variant,transcript_fusion	orig BCR-ABL1 V379I	2	missense_variant	V379I		-
1612	ABL1	25	BCR-ABL1	missense_variant,transcript_fusion	orig BCR-ABL1 A397P	2	missense_variant	A397P		-
1613	ABL1	25	BCR-ABL1	missense_variant,transcript_fusion	orig BCR-ABL1 S417Y	2	missense_variant	S417Y		-
1625	ABL1	25	BCR-ABL1	missense_variant,transcript_fusion	orig BCR-ABL1 F317I	2	missense_variant	F317I		-
1627	BRAF	673	G596R	missense_variant		1				-
1639	ABL1	25	C475V	splice_donor_variant		1				-
1640	ABL1	25	BCR-ABL1	missense_variant,transcript_fusion	orig BCR-ABL1 N336S	2	missense_variant	N336S		-
1647	POLD1	5424	C284Y	missense_variant		1				-
1648	POLD1	5424	E374K	missense_variant		1				-
1652	PIK3R2	5296	N561D	missense_variant		1				-
1653	PIK3CA	5290	D350G	missense_variant		1				-
1654	NRAS	4893	Q179*			1				-
1656	ABL1	25	R351W	missense_variant		1				-
1657	ABL1	25	G340L	coding_sequence_variant		1				-
1659	KIT	3815	S628N	missense_variant		1				-
1664	EGFR	1956	M766_A767insAI			1				-
1665	EGFR	1956	Y764_V765insHH			1				-
1667	EGFR	1956	P772_H773insYNP	inframe_insertion		1				-
1668	EGFR	1956	P772_V774insPHV	inframe_insertion		1				-
1681	JAK2	3717	Splice Site (c.1641+2T>G)	splice_donor_variant		0				-
1682	ARID1A	8289	P1175fs*5	frameshift_variant		1				-
1686	ACVR1	90	G328V	missense_variant		1				-
1687	RET	5979	RET-*	transcript_fusion	Fusion	1				-
1691	FGFR3	2261	FGFR3-*	transcript_fusion	Fusion	1				-
1693	CHEK1	1111	Overexpression			0				-
1695	TP53	7157	R158H	missense_variant		1				-
1696	TP53	7157	R249S	missense_variant		1				-
1697	TP53	7157	R280K	missense_variant		1				-
1698	TP53	7157	R280T	missense_variant		1				-
1699	TP53	7157	R158L	missense_variant		1				-
1733	VHL	7428	E46*	stop_gained	orig E46* (c.136G>T)	1				-
1734	VHL	7428	E52K	missense_variant	orig E52K (c.154G>A)	1				-
1736	VHL	7428	E55*	stop_gained	orig E55* (c.163G>T)	1				-
1738	VHL	7428	L158P	missense_variant	orig L158P (c.473T>C)	1				-
1739	VHL	7428	R167Q	missense_variant	orig R167Q (c.500G>A)	1				-
1741	VHL	7428	Y98H	missense_variant	orig Y98H (c.292T>C)	1				-
1742	VHL	7428	H115Q	missense_variant	orig H115Q (c.345C>A)	1				-
1743	VHL	7428	F119L	missense_variant	orig F119L (c.357C>G)	1				-
1744	VHL	7428	A149T	missense_variant	orig A149T (c.445G>A)	1				-
1745	VHL	7428	T157I	missense_variant	orig T157I (c.470C>T)	1				-
1746	VHL	7428	R161Q	missense_variant	orig R161Q (c.482G>A)	1				-
1747	VHL	7428	R167W	missense_variant	orig R167W (c.499C>T)	1				-
1748	VHL	7428	L178P	missense_variant	orig L178P (c.533T>C)	1				-
1750	VHL	7428	V62fs	minus_1_frameshift_variant	orig V62fs (c.180del)	1				-
1752	VHL	7428	Q73*	stop_gained	orig Q73* (c.217C>T)	1				-
1754	VHL	7428	N78H	missense_variant	orig N78H (c.232A>C)	1				-
1755	VHL	7428	N78S	missense_variant	orig N78S (c.233A>G)	1				-
1756	VHL	7428	N78T	missense_variant	orig N78T (c.233A>C)	1				-
1757	VHL	7428	S80I	missense_variant	orig S80I (c.239G>T)	1				-
1758	VHL	7428	P86fs	plus_1_frameshift_variant,frameshift_truncation	orig P86fs (c.254_255insC)	1				-
1759	VHL	7428	P86A	missense_variant	orig P86A (c.256C>G)	1				-
1760	VHL	7428	P86L	missense_variant	orig P86L (c.257C>T)	1				-
1761	VHL	7428	W88R	missense_variant	orig W88R (c.262T>A)	1				-
1762	VHL	7428	S111fs	frameshift_truncation	orig S111fs (c.331delA)	1				-
1763	VHL	7428	S111N	missense_variant	orig S111N (c.332G>A)	1				-
1764	VHL	7428	S111R	missense_variant	orig S111R (c.333C>G)	1				-
1765	EGFR	1956	Gain-of-function			0				-
1766	VHL	7428	Y112*	stop_gained	orig Y112* (c.336C>A)	1				-
1767	VHL	7428	W117C	missense_variant	orig W117C (c.351G>T)	1				-
1768	VHL	7428	L129Q		orig L129Q (c.386insAGA)	1				-
1769	VHL	7428	L135*	stop_gained	orig L135* (c.404T>A)	1				-
1770	VHL	7428	N150fs	minus_1_frameshift_variant,frameshift_truncation	orig N150fs (c.449del)	1				-
1771	VHL	7428	P154fs	frameshift_truncation	orig P154fs (c.462delA)	1				-
1772	VHL	7428	C162R	missense_variant	orig C162R (c.484T>C)	1				-
1773	VHL	7428	C162F	missense_variant	orig C162F (c.485G>T)	1				-
1774	VHL	7428	C162W	missense_variant	orig C162W (c.486C>G)	1				-
1775	VHL	7428	V166D	missense_variant	orig V166D (c.497T>A)	1				-
1776	VHL	7428	L184P	missense_variant	orig L184P (c.551T>C)	1				-
1777	VHL	7428	E186*	stop_gained	orig E186* (c.556G>T)	1				-
1778	VHL	7428	E186K	missense_variant	orig E186K (c.556G>A)	1				-
1780	VHL	7428	R176fs	frameshift_truncation	orig R176fs (c.526del)	1				-
1782	VHL	7428	P154L	missense_variant	orig P154L (c.461C>T)	1				-
1783	VHL	7428	L158fs	frameshift_variant	orig L158fs (c.471dupT)	1				-
1784	VHL	7428	S183*	stop_gained	orig S183* (c.548C>A)	1				-
1785	VHL	7428	A56fs	frameshift_truncation	orig A56fs (c.166_167insA)	1				-
1787	VHL	7428	S65W	missense_variant	orig S65W (c.194C>G)	1				-
1788	VHL	7428	S65L	missense_variant	orig S65L (c.194C>T)	1				-
1791	VHL	7428	R79P	missense_variant	orig R79P (c.236G>C)	1				-
1792	VHL	7428	S80R	missense_variant	orig S80R (c.240T>G)	1				-
1793	VHL	7428	L89P	missense_variant	orig L89P (c.266T>C)	1				-
1794	VHL	7428	E94*	stop_gained	orig E94* (c.280G>T)	1				-
1795	VHL	7428	P103fs	frameshift_variant	orig P103fs (c.309_310delTG)	1				-
1796	VHL	7428	R113*	stop_gained	orig R113* (c.337C>T)	1				-
1797	VHL	7428	G114C	missense_variant	orig G114C (c.340G>T)	1				-
1798	VHL	7428	L118P	missense_variant	orig L118P (c.353T>C)	1				-
1800	VHL	7428	N131fs	minus_2_frameshift_variant	orig N131fs (c.390_391del)	1				-
1801	VHL	7428	F136S	missense_variant	orig F136S (c.407T>C)	1				-
1802	VHL	7428	L153fs	deletion	orig L153fs (c.457delC)	1				-
1803	VHL	7428	L158V	missense_variant	orig L158V (c.472C>G)	1				-
1804	VHL	7428	R161*	missense_variant	orig R161* (c.481C>T)	1				-
1806	VHL	7428	V170F	missense_variant	orig V170F (c.508G>T)	1				-
1807	VHL	7428	I180V	missense_variant	orig I180V (c.538A>G)	1				-
1808	VHL	7428	L184R	missense_variant	orig L184R (c.551T>G)	1				-
1809	VHL	7428	Y185*	stop_gained	orig Y185* (c.555C>G)	1				-
1810	VHL	7428	Q195*	stop_gained	orig Q195* (c.583C>T)	1				-
1811	VHL	7428	S65*	stop_gained	orig S65* (c.194C>A)	1				-
1813	VHL	7428	D121G	missense_variant	orig D121G (c.362A>G)	1				-
1814	VHL	7428	F136C	missense_variant	orig F136C (c.407T>G)	1				-
1815	VHL	7428	V84L	missense_variant	orig V84L (c.250G>T)	1				-
1816	VHL	7428	S72fs	minus_1_frameshift_variant,frameshift_truncation	orig S72fs (c.214del)	1				-
1820	VHL	7428	L116V	missense_variant	orig L116V (c.346C>G)	1				-
1824	VHL	7428	C162Y	missense_variant	orig C162Y (c.485G>A)	1				-
1825	VHL	7428	V166F	missense_variant	orig V166F (c.496G>T)	1				-
1826	VHL	7428	V170D	missense_variant	orig V170D (c.509T>A)	1				-
1827	VHL	7428	R177*	stop_gained	orig R177* (c.529A>T)	1				-
1830	POLE	5426	P286R			1				-
1831	POLE	5426	V411L	missense_variant		1				-
1832	POLE	5426	S459F			1				-
1834	VHL	7428	E70*	stop_gained	orig E70* (c.208G>T)	1				-
1835	VHL	7428	F76S	missense_variant	orig F76S (c.227T>C)	1				-
1836	VHL	7428	L188V	missense_variant	orig L188V (c.562C>G)	1				-
1837	VHL	7428	P81S	missense_variant	orig P81S (c.241C>T)	1				-
1838	VHL	7428	L101G	delins	orig L101G (c.301_302delinsGG)	1				-
1839	VHL	7428	T105P	missense_variant	orig T105P (c.313A>C)	1				-
1840	VHL	7428	R107P	missense_variant	orig R107P (c.320G>C)	1				-
1841	VHL	7428	L118fs	plus_1_frameshift_variant	orig L118fs (c.352_353insA)	1				-
1843	VHL	7428	T133fs	minus_1_frameshift_variant,frameshift_truncation	orig T133fs (c.397del)	1				-
1844	VHL	7428	D143fs		orig D143fs (c.430delG)	1				-
1845	VHL	7428	Q164*	stop_gained	orig Q164* (c.490C>T)	1				-
1846	VHL	7428	Y175D	missense_variant	orig Y175D (c.523T>G)	1				-
1847	VHL	7428	V181fs	minus_1_frameshift_variant,frameshift_truncation	orig V181fs (c.540_543del)	1				-
1848	VHL	7428	Q96*	stop_gained	orig Q96* (c.286C>T)	1				-
1849	VHL	7428	P86R	missense_variant	orig P86R (c.257C>G)	1				-
1850	VHL	7428	G144*	stop_gained	orig G144* (c.430G>T)	1				-
1852	VHL	7428	L188P	missense_variant	orig L188P (c.563T>C)	1				-
1853	VHL	7428	S111C	delins	orig S111C (c.330_331delinsTT)	1				-
1854	EGFR	1956		missense_variant,inframe_deletion		0				-
1855	VHL	7428	R161P	missense_variant	orig R161P (c.482G>C)	1				-
1856	VHL	7428	Q164R	missense_variant	orig Q164R (c.491A>G)	1				-
1857	VHL	7428	G114R	missense_variant	orig G114R (c.340G>C)	1				-
1859	VHL	7428	G93S	missense_variant	orig G93S (c.277G>A)	1				-
1861	VHL	7428	L188Q	missense_variant	orig L188Q (c.563T>A)	1				-
1863	EGFR	1956		exon_variant		0				-
1865	VHL	7428	Y112H	missense_variant	orig Y112H (c.334T>C)	1				-
1866	EGFR	1956				0				-
1867	VHL	7428	R64P	missense_variant	orig R64P (c.191G>C)	1				-
1869	VHL	7428	E189fs	minus_1_frameshift_variant,frameshift_truncation	orig E189fs (c.565del)	1				-
1871	VHL	7428	I151T	missense_variant	orig I151T (c.452T>C)	1				-
1872	VHL	7428	K159fs	frameshift_variant	orig K159fs (c.473dup)	1				-
1873	VHL	7428	S68P	missense_variant	orig S68P (c.202T>C)	1				-
1874	VHL	7428	S80N	missense_variant	orig S80N (c.239G>A)	1				-
1883	VHL	7428	Q145*	stop_gained	orig Q145* (c.433C>T)	1				-
1885	VHL	7428	H115P	missense_variant	orig H115P (c.344A>C)	1				-
1886	VHL	7428	L128R	missense_variant	orig L128R (c.383T>G)	1				-
1887	VHL	7428	L169P	missense_variant	orig L169P (c.506T>C)	1				-
1888	VHL	7428	L178R	missense_variant	orig L178R (c.533T>G)	1				-
1889	VHL	7428	M54fs	plus_1_frameshift_variant,frameshift_truncation	orig M54fs (c.161dup)	1				-
1891	EGFR	1956		missense_variant		0				-
1892	EGFR	1956		missense_variant		0				-
1893	VHL	7428	F91*		orig F91* (c.272_273delinsAA)	1				-
1894	EGFR	1956		missense_variant		0				-
1895	EGFR	1956		missense_variant		0				-
1896	EGFR	1956		missense_variant		0				-
1897	EGFR	1956		missense_variant		0				-
1899	EGFR	1956		missense_variant		0				-
1902	VHL	7428	P86S	missense_variant	orig P86S (c.256C>T)	1				-
1903	VHL	7428	S65P	missense_variant	orig S65P (c.193T>C)	1				-
1904	VHL	7428	S72P	missense_variant	orig S72P (c.214T>C)	1				-
1906	VHL	7428	L135fs	minus_1_frameshift_variant,frameshift_truncation	orig L135fs (c.404del)	1				-
1907	VHL	7428	R177fs	minus_1_frameshift_variant,frameshift_truncation	orig R177fs (c.528del)	1				-
1908	VHL	7428	W88*	stop_gained	orig W88* (c.264G>A)	1				-
1909	VHL	7428	V155E	missense_variant	orig V155E (c.464T>A)	1				-
1912	VHL	7428	F76fs	frameshift_truncation	orig F76fs (c.223_224insT)	1				-
1913	VHL	7428	K196*	stop_gained	orig K196* (c.586A>T)	1				-
1914	VHL	7428	R120G	missense_variant	orig R120G (c.358A>G)	1				-
1915	VHL	7428	R161G	missense_variant	orig R161G (c.481C>G)	1				-
1916	VHL	7428	R167L	missense_variant	orig R167L (c.500G>T)	1				-
1918	VHL	7428	D126fs	inframe_insertion	orig D126fs (c.375_376insC)	1				-
1919	VHL	7428	E160fs	frameshift_truncation	orig E160fs (c.479_480delAG)	1				-
1920	VHL	7428	G93R	missense_variant	orig G93R (c.277G>C)	1				-
1921	VHL	7428	H115Y	missense_variant	orig H115Y (c.343C>T)	1				-
1923	VHL	7428	L153P	missense_variant	orig L153P (c.458T>C)	1				-
1924	VHL	7428	L188R	missense_variant	orig L188R (c.563T>G)	1				-
1928	VHL	7428	P138T	missense_variant	orig P138T (c.412C>A)	1				-
1929	VHL	7428	P59fs	minus_1_frameshift_variant,frameshift_truncation	orig P59fs (c.176delC)	1				-
1932	VHL	7428	Y175*	stop_gained	orig Y175* (c.525C>A)	1				-
1933	VHL	7428	Y98C	missense_variant	orig Y98C  (c.293A>G)	1				-
1934	VHL	7428	V155G	missense_variant	orig V155G (c.464T>G)	1				-
1935	VHL	7428	V170G	missense_variant	orig V170G (c.509T>G)	1				-
1938	VHL	7428				0				-
1939	VHL	7428				0				-
1940	VHL	7428				0				-
1946	VHL	7428	Y156C	missense_variant	orig Y156C (c.467A>G)	1				-
1948	VHL	7428	R69fs		orig R69fs (c.204insG)	1				-
1949	VHL	7428	G144fs		orig G144fs (c.432insG)	1				-
1953	VHL	7428	N131K	missense_variant	orig N131K (c.393C>A)	1				-
1955	VHL	7428	P71fs		orig P71fs (c.211insT)	1				-
1956	VHL	7428	E70K	missense_variant	orig E70K (c.208G>A)	1				-
1957	VHL	7428	H115Q	missense_variant	orig H115Q (c.345C>G)	1				-
1958	VHL	7428	H191fs	frameshift_truncation	orig H191fs (c.571delC)	1				-
1960	VHL	7428	L140fs		orig L140fs (c.417_418delTC)	1				-
1962	VHL	7428	P154P	synonymous_variant	orig P154P (c.462A>C)	1				-
1963	VHL	7428	S80R	missense_variant	orig S80R (c.238A>C)	1				-
1964	VHL	7428	R60fs	frameshift_truncation	orig R60fs (c.179delG)	1				-
1966	VHL	7428	W88S	missense_variant	orig W88S (c.263G>C)	1				-
1967	VHL	7428	Y156D	missense_variant	orig Y156D (c.466T>G)	1				-
1968	VHL	7428	Y156*	stop_gained	orig Y156* (c.468T>G)	1				-
1969	VHL	7428	Y175*	stop_gained	orig Y175* (c.525C>G)	1				-
1970	VHL	7428	V130L	missense_variant	orig V130L (c.388G>C)	1				-
1974	VHL	7428		splice_acceptor_variant		0				-
1977	VHL	7428	V194fs	minus_2_frameshift_variant	orig V194fs (c.581_582del)	1				-
1980	VHL	7428	R82P	missense_variant	orig R82P (c.245G>C)	1				-
1986	VHL	7428	X214L	stop_lost	orig *214L (c.641G>T)	1				-
1987	VHL	7428	X214W	stop_lost	orig *214W (c.642A>G)	1				-
1988	VHL	7428	X214C	stop_lost	orig *214C (c.642A>T)	1				-
1990	VHL	7428		splice_acceptor_variant		0				-
1991	PIK3CA	5290				0				-
1992	VHL	7428		splice_acceptor_variant		0				-
1994	VHL	7428	Q132*	stop_gained	orig Q132* (c.394C>T)	1				-
1996	VHL	7428	L129fs	frameshift_variant	orig L129fs (c.384delT)	1				-
1997	VHL	7428	L178Q	missense_variant	orig L178Q (c.533T>A)	1				-
1998	VHL	7428	Splice Site (c.463+1G>C)	splice_donor_variant		0				-
1999	VHL	7428	V74G	missense_variant	orig V74G (c.221T>G)	1				-
2000	VHL	7428	H115R	missense_variant	orig H115R (c.344A>G)	1				-
2007	VHL	7428	R107G	missense_variant	orig R107G  (c.319C>G)	1				-
2008	VHL	7428	G93C	missense_variant	orig G93C (c.277G>T)	1				-
2009	VHL	7428	G93V	missense_variant	orig G93V (c.278G>T)	1				-
2010	VHL	7428	L198Q	missense_variant	orig L198Q  (c.593T>A)	1				-
2011	VHL	7428	S65A	missense_variant	orig S65A (c.193T>G)	1				-
2012	VHL	7428	S68W	missense_variant	orig S68W (c.203C>G)	1				-
2013	VHL	7428	Y156N	missense_variant	orig Y156N (c.466T>A)	1				-
2014	VHL	7428	P61fs		orig P61fs (c.183insC)	1				-
2020	VHL	7428	L85P	missense_variant	orig L85P (c.254T>C)	1				-
2021	VHL	7428		conservative_inframe_insertion		0				-
2023	VHL	7428				0				-
2024	VHL	7428		3_prime_UTR_variant		0				-
2026	VHL	7428	G114S	missense_variant	orig G114S (c.340G>A)	1				-
2027	VHL	7428	W117fs	plus_1_frameshift_variant,frameshift_truncation	orig W117fs (c.349dup)	1				-
2028	VHL	7428	A122I	missense_variant	orig A122I (c.364_365GC>AT)	1				-
2029	VHL	7428	N150fs	frameshift_variant	orig N150fs (c.445_458del)	1				-
2030	VHL	7428	I151M	missense_variant	orig I151M (c.453C>G)	1				-
2033	VHL	7428	L163H	missense_variant	orig L163H (c.488T>A)	1				-
2035	VHL	7428	C162fs	minus_1_frameshift_variant,frameshift_truncation	orig C162fs (c.483del)	1				-
2036	VHL	7428				0				-
2037	VHL	7428	N78I	missense_variant	orig N78I (c.233A>T)	1				-
2039	VHL	7428	W88fs	frameshift_variant,delins	orig W88fs (c.263_265delGGCinsTT)	1				-
2040	VHL	7428	K159fs	frameshift_variant	orig K159fs (c.477_478insCA)	1				-
2041	VHL	7428	Q73fs	frameshift_truncation	orig Q73fs (c.217delC)	1				-
2042	VHL	7428	A149fs	frameshift_variant,minus_1_frameshift_variant	orig A149fs (c.445delG)	1				-
2043	VHL	7428	G104A	missense_variant	orig G104A (c.311G>C)	1				-
2045	VHL	7428	S111C	missense_variant	orig S111C (c.331A>T)	1				-
2050	DICER1	23405	E1705K	missense_variant		1				-
2051	DICER1	23405	D1709N	missense_variant		1				-
2052	DICER1	23405	E1813Q	missense_variant		1				-
2055	VHL	7428	P146fs	minus_1_frameshift_variant,frameshift_truncation	orig P146fs (c.437del)	1				-
2056	VHL	7428	W88R	missense_variant	orig W88R (c.262T>C)	1				-
2057	VHL	7428	H115fs	minus_1_frameshift_variant,frameshift_truncation	orig H115fs (c.344del)	1				-
2058	VHL	7428	P102fs	frameshift_truncation	orig P102fs (c.305delC)	1				-
2061	ACVR1	90				0				-
2066	VHL	7428	Y175N	missense_variant	orig Y175N (c.523T>A)	1				-
2067	VHL	7428	Y175C	missense_variant	orig Y175C (c.524A>G)	1				-
2075	VHL	7428		splice_donor_variant		0				-
2077	VHL	7428		splice_acceptor_variant		0				-
2078	VHL	7428		splice_acceptor_variant		0				-
2079	VHL	7428	Q164L	missense_variant	orig Q164L (c.491A>T)	1				-
2088	VHL	7428	F76del	inframe_deletion	orig F76del (c.224_226delTCT)	1				-
2089	VHL	7428		inframe_deletion		0				-
2090	VHL	7428	P40fs		orig P40fs (c.118ins)	1				-
2091	VHL	7428	T152fs		orig T152fs (c.455insA)	1				-
2092	VHL	7428	T157fs		orig T157fs (c.472ins)	1				-
2097	VHL	7428		frameshift_variant		0				-
2098	VHL	7428	E160fs	minus_1_frameshift_variant,frameshift_truncation	orig E160fs (c.477del)	1				-
2099	VHL	7428		inframe_deletion		0				-
2101	VHL	7428	V84M	missense_variant	orig V84M (c.250G>A)	1				-
2104	VHL	7428		intron_variant		0				-
2108	ARID1A	8289		N/A		0				-
2114	VHL	7428		splice_donor_variant		0				-
2125	VHL	7428	Q132P	missense_variant	orig Q132P (c.395A>C)	1				-
2127	VHL	7428	E94fs	frameshift_truncation	orig E94fs (c.279delC)	1				-
2129	VHL	7428				0				-
2130	VHL	7428	S65fs	frameshift_truncation	orig S65fs (c.194delC)	1				-
2131	VHL	7428	Q73fs		orig Q73fs (c.214insGCCC)	1				-
2132	VHL	7428	C77fs		orig C77fs (c.228dup)	1				-
2133	VHL	7428		splice_acceptor_variant		0				-
2134	VHL	7428				0				-
2135	VHL	7428	G123fs	frameshift_variant	orig G123fs (c.369_375delGACACAC)	1				-
2136	VHL	7428	H125fs		orig H125fs (c.374insA)	1				-
2137	VHL	7428	K159fs	frameshift_variant	orig K159fs (c.474_476delGAAinsC)	1				-
2138	VHL	7428	Y175*	frameshift_truncation	orig Y175* (c.525delC)	1				-
2139	VHL	7428	L188fs	frameshift_truncation	orig L188fs (c.562delC)	1				-
2140	VHL	7428	K196fs	frameshift_variant	orig K196fs (c.584_585delAG)	1				-
2141	VHL	7428	D197fs	frameshift_truncation	orig D197fs (c.589delG)	1				-
2142	VHL	7428	T202fs		orig T202fs (c.606insA)	1				-
2143	VHL	7428	R113fs	frameshift_truncation	orig R113fs (c.337delC)	1				-
2144	VHL	7428	A56fs	plus_1_frameshift_variant	orig A56fs (c.166dup)	1				-
2145	VHL	7428	P61fs	frameshift_variant	orig P61fs (c.182_185delCCGT)	1				-
2148	VHL	7428	R161R	synonymous_variant	orig R161R (c.481C>A)	1				-
2150	VHL	7428	I151F	missense_variant	orig I151F (c.451A>T)	1				-
2151	VHL	7428	W88*	stop_gained	orig W88* (c.263G>A)	1				-
2152	VHL	7428		3_prime_UTR_variant		0				-
2160	VHL	7428	Y98fs	frameshift_truncation	orig Y98fs (c.291delC)	1				-
2162	VHL	7428	N150S	missense_variant	orig N150S (c.449A>G)	1				-
2166	NRG1	3084	SLC3A2-NRG1	transcript_fusion		1				-
2168	RAD50	10111	L1237F	missense_variant		1				-
2169	BTK	695	MUTATION			0				-
2170	PLCG2	5336	MUTATION			0				-
2174	EGFR	1956	Wildtype	wild_type		0				-
2178	NRG1	3084	ATP1B1-NRG1	transcript_fusion		1				-
2179	NRG1	3084	SDC4-NRG1	transcript_fusion		1				-
2181	VHL	7428	R177ins		orig R177ins (c.531insCTGAGAGTAAAGCCTGAA)	1				-
2182	VHL	7428	Null (Large deletion)			0				-
2195	DICER1	23405	D1709G	missense_variant		1				-
2196	DICER1	23405	D1709E	missense_variant		1				-
2202	FGFR2	2263	FGFR2-*	transcript_fusion	Fusion	1				-
2203	EGFR	1956	EGFR-RAD51	transcript_fusion		1				-
2211	BAP1	8314	ALTERNATIVE TRANSCRIPT (ATI)			0				-
2213	EGFR	1956	M766_A767insASV			1				-
2214	EGFR	1956	D770delinsGY			1				-
2218	ALK	238	STRN-ALK	transcript_fusion		1				-
2219	BARD1	580	LOSS-OF-FUNCTION			0				-
2221	BRAF	673	G496A	missense_variant		1				-
2222	BRAF	673	G466V	missense_variant		1				-
2223	BRAF	673	G606E	missense_variant		1				-
2224	BRAF	673	P731T	missense_variant		1				-
2225	BRAF	673	intron 9 rearrangement			0				-
2226	BRAF	673	intron 10 rearrangement			0				-
2227	BRAF	673	MACF1-BRAF	transcript_fusion		1				-
2228	BRAF	673	WASFL-BRAF	transcript_fusion		1				-
2229	BRAF	673	CUX1-BRAF	transcript_fusion		1				-
2230	ASS1	445	LOSS			0				-
2233	BCL2	596	Mutation			0				-
2235	RASA1	5921	LOSS-OF-FUNCTION			0				-
2240	TLK2	11011	AMPLIFICATION			0				-
2264	VHL	7428	R82_V84del	inframe_deletion	orig R82_V84del (c.244_252del)	1				-
2265	VHL	7428	A56_P59del		orig A56_P59del (c.166_178del)	1				-
2283	ACVR1	90	G328E	missense_variant,gain_of_function_variant		1				-
2286	NRG1	3084	NRG1-*	transcript_fusion	Fusion	1				-
2287	NTRK2	4915	STRN-NTRK2	transcript_fusion		1				-
2289	NTRK1	4914	PDE4DIP-NTRK1	transcript_fusion		1				-
2290	VHL	7428	G144E	missense_variant	orig G144E (c.431G>A)	1				-
2292	VHL	7428	Splice Region (c.463+8C>T)	splicing_variant		0				-
2293	VHL	7428	G104G	synonymous_variant	orig G104G (c.312C>G)	1				-
2294	VHL	7428	F91L	missense_variant	orig F91L (c.273C>G)	1				-
2299	VHL	7428	W88fs	plus_1_frameshift_variant,frameshift_truncation	orig W88fs (c.261dup)	1				-
2331	ERBB2	2064	T798I	missense_variant		1				-
2333	EGFR	1956	R705K	missense_variant		1				-
2334	EGFR	1956	Rare Mutation			0				-
2335	ABL1	25	BCR-ABL1	missense_variant,transcript_fusion	orig BCR-ABL1 T315A	2	missense_variant	T315A		-
2340	ABL1	25	BCR-ABL1	missense_variant,transcript_fusion	orig BCR-ABL1 L248R	2	missense_variant	L248R		-
2343	ABL1	25	BCR-ABL1	missense_variant,transcript_fusion	orig BCR-ABL1 F317S	2	missense_variant	F317S		-
2359	ABL1	25	BCR-ABL1	missense_variant,transcript_fusion	orig BCR-ABL1 F317C	2	missense_variant	F317C		-
2360	AKT1	207	Overexpression			0				-
2361	BRAF	673	V600E/K and Amplification			0				-
2363	PIK3R2	5296	OVEREXPRESSION			0				-
2364	PREX2	80243	R172I	missense_variant		1				-
2367	VHL	7428	3p26.3-25.3 11Mb del			0				-
2370	ABL1	25	BCR-ABL1	missense_variant,transcript_fusion	orig BCR-ABL1 E459K	2	missense_variant	E459K		-
2371	ABL1	25	TKD MUTATION			0				-
2373	VHL	7428	c.128-?_250+?			0				-
2375	ABL1	25	P-Loop Mutation			0				-
2376	ABL1	25	Non-P-Loop Mutation			0				-
2387	CSF3R	1441	T618I	missense_variant		1				-
2388	CALR	811	Mutation			0				-
2393	NTRK1	4914	NTRK1-TRIM63	transcript_fusion		1				-
2394	NTRK1	4914	NTRK1-DDR2	transcript_fusion		1				-
2395	NTRK1	4914	NTRK1-GON4L	transcript_fusion		1				-
2396	NTRK2	4915	ETV6-NTRK2	transcript_fusion		1				-
2398	BRAF	673	D594K	missense_variant		1				-
2408	BRAF	673	Non-V600	protein_altering_variant		0				-
2411	SDHB	6390	S193_C196dupSTSC	inframe_insertion	orig p.193_196dupSTSC (c.577_588dupAGCACCAGCTGC)	1				-
2416	H3-3A	3020	K27M	missense_variant		1				-
2420	H3-3B	3021	K36M	missense_variant		1				-
2421	H3-3A	3020	G34W	missense_variant		1				-
2428	VHL	7428	G104V	missense_variant	orig G104V (c.311G>T)	1				-
2431	VHL	7428	c.-213-?_463+?del		fixed unicode, confirmed in publication	0				-
2432	VHL	7428	V87fs	plus_1_frameshift_variant,frameshift_truncation	orig V87fs (c.259_260insA)	1				-
2435	VHL	7428	c.341-59_341-14del			0				-
2437	VHL	7428	V166A	missense_variant	orig V166A (c.497T>C)	1				-
2439	VHL	7428	Rearrangement			0				-
2440	VHL	7428	P138R	missense_variant	orig. P138R (c.413C>G)	1				-
2447	VHL	7428	V66Gfs*89		orig V66Gfs*89 (c.197_209del)	1				-
2448	VHL	7428	R79_S80del		orig R79_S80del (c.236_241delGCAGTC)	1				-
2449	VHL	7428	D92G	missense_variant	orig D92G (c.275A>G)	1				-
2455	VHL	7428	G114Vfs*45		orig G114Vfs*45 (c.339delA)	1				-
2458	VHL	7428	R167P	missense_variant	orig R167P (c.500G>C)	1				-
2459	VHL	7428	L178P		orig L178P (c.532C>T)	1				-
2468	PRKCB	5579	D427N			1				-
2488	VHL	7428	X214G	stop_lost	orig *214G (c.640T>G)	1				-
2489	VHL	7428	X214C	stop_lost	orig *214C (c.641_642insC)	1				-
2508	VHL	7428	L129P	missense_variant	orig L129P (c.386T>C)	1				-
2511	VHL	7428	S80fs	minus_1_frameshift_variant,frameshift_truncation	orig S80fs (c.239del)	1				-
2553	VHL	7428	D121_A122del		orig D121_A122del (c.361_366del)	1				-
2561	VHL	7428	N150fs	minus_1_frameshift_variant,frameshift_truncation	orig N150fs (c.447del)	1				-
2570	HRAS	3265	Q61			1				-
2571	ABL2	27	ABL2-*	transcript_fusion	Fusion	1				-
2575	ABL1	25	ETV6-ABL1	transcript_fusion		1				-
2580	VHL	7428	N131T	non_conservative_missense_variant	orig N131T (c.392A>C)	1				-
2581	NCOA2	10499	HEY1-NCOA2	transcript_fusion		1				-
2582	FOXO1	2308	PAX3-FOXO1	transcript_fusion		1				-
2583	FOXO1	2308	PAX7-FOXO1	transcript_fusion		1				-
2586	PARP1	142	OVEREXPRESSION			0				-
2587	JAK2	3717	F694L	missense_variant		1				-
2590	PIK3CA	5290	Wildtype	wild_type		0				-
2593	NUP98	4928	NUP98-NSD1	transcript_fusion		1				-
2613	EGFR	1956	V441F	missense_variant		1				-
2620	KIT	3815	T417_D419delinsY			1				-
2621	KIT	3815	F506_F508dup			1				-
2622	KIT	3815	K484_G487del			1				-
2623	PDGFRA	5156	Exon 18 Mutation			0				-
2643	KIT	3815	Exon 13 Mutation			0				-
2644	SMARCA4	6597	LOSS			0				-
2648	TP53	7157	C238Y	missense_variant		1				-
2650	BRAF	673	Exon 15 Mutation			0				-
2651	KIT	3815	WILDTYPE	wild_type		0				-
2652	H3-3A	3020	MUTATION			0				-
2654	CDKN2A	1029	Deletion			0				-
2655	MYB	4602	AMPLIFICATION			0				-
2659	FGFR1	2260	Internal Duplication			0				-
2660	ABL1	25	NUP214-ABL1	transcript_fusion		1				-
2661	JAK2	3717	SSBP2-JAK2	transcript_fusion		1				-
2663	CRLF2	64109	IGH-CRLF2	transcript_fusion		1				-
2666	EZH2	2146	Y641S	missense_variant		1				-
2671	CDKN1A	1026	rs1801270			0				-
2678	ABL1	25	SNX2-ABL1	transcript_fusion		1				-
2681	ABL1	25	RCSD1-ABL1	transcript_fusion		1				-
2682	ABL1	25	FOXP1-ABL1	transcript_fusion		1				-
2693	ROS1	6098	ROS1-*	transcript_fusion	Fusion	1				-
2695	KIT	3815	V555_V559del	inframe_deletion		1				-
2696	KIT	3815	K550_K559del			1				-
2704	CDKN2A	1029	Mutation			0				-
2743	FGFR1	2260	FGFR1OP2-FGFR1	transcript_fusion		1				-
2744	IKZF1	10320	IKZF1 deletion and mutation			0				-
2749	NFE2L2	4780	MUTATION			0				-
2769	ALK	238	CAD-ALK	transcript_fusion		1				-
2770	ROS1	6098	GOPC-ROS1	transcript_fusion		1				-
2772	NRG1	3084	APP-NRG1	transcript_fusion		1				-
2774	MET	4233	R1004G			1				-
2784	FGF19	9965	Overexpression			0				-
2794	BRAF	673	N486_P490del			1				-
2820	BRAF	673	V600_K601delinsE		orig V600_K601>E	1				-
2822	BRAF	673	G469	protein_altering_variant		1				-
2826	BRAF	673	A598V	missense_variant		1				-
2846	JAK2	3717	ATF7IP-JAK2	transcript_fusion		1				-
2847	JAK2	3717	EBF1-JAK2	transcript_fusion		1				-
2848	JAK2	3717	PPFIBP1-JAK2	transcript_fusion		1				-
2849	JAK2	3717	STRN3-JAK2	transcript_fusion		1				-
2850	JAK2	3717	TPR-JAK2	transcript_fusion		1				-
2851	SMAD4	4089	R361C	missense_variant		1				-
2859	JAK2	3717	ETV6-JAK2	transcript_fusion		1				-
2860	JAK2	3717	BCR-JAK2	transcript_fusion		1				-
2861	JAK2	3717	PAX5-JAK2	transcript_fusion		1				-
2862	JAK2	3717	TERF2-JAK2	transcript_fusion		1				-
2863	JAK2	3717	USP25-JAK2	transcript_fusion		1				-
2864	JAK2	3717	ZNF274-JAK2	transcript_fusion		1				-
2865	JAK2	3717	RFX3-JAK2	transcript_fusion		1				-
2871	BRCA2	675	K3226*			1				-
2883	BRAF	673	NRF1-BRAF	transcript_fusion		1				-
2885	ABL1	25	BCR-ABL1	missense_variant,transcript_fusion	orig BCR-ABL1 T315V	2	missense_variant	T315V		-
2886	ABL1	25	BCR-ABL1	missense_variant,transcript_fusion	orig BCR-ABL1 E279K	2	missense_variant	E279K		-
2887	ABL1	25	BCR-ABL1	missense_variant,transcript_fusion	orig BCR-ABL1 E292L	2	missense_variant	E292L		-
2888	ABL1	25	BCR-ABL1	missense_variant,transcript_fusion	orig BCR-ABL1 F317R	2	missense_variant	F317R		-
2889	ABL1	25	BCR-ABL1	missense_variant,transcript_fusion	orig BCR-ABL1 L248R F359I	3	missense_variant	L248R	missense_variant	F359I
2890	ABL1	25	BCR-ABL1	missense_variant,transcript_fusion	orig BCR-ABL1 E255K V299L	3	missense_variant	E255K	missense_variant	V299L
2892	CTNNB1	1499	Exon 3 Mutation			0				-
2893	DPYD	1806	EXON 11-19 DELETION	inframe_deletion		0				-
2894	MET	4233	MET-ATXN7L1	transcript_fusion		1				-
2896	NT5C2	22978	R238W	missense_variant		1				-
2897	NT5C2	22978	S445F	missense_variant,gain_of_function_variant		1				-
2898	NT5C2	22978	Mutation			0				-
2900	ABL1	25	BCR-ABL1	missense_variant,transcript_fusion	orig BCR-ABL1 D363G	2	missense_variant	D363G		-
2901	ABL1	25	BCR-ABL1	missense_variant,transcript_fusion	orig BCR-ABL1 E98G	2	missense_variant	E98G		-
2902	ABL1	25	BCR-ABL1	missense_variant,transcript_fusion	orig BCR-ABL1 L364I	2	missense_variant	L364I		-
2909	ABL1	25	BCR-ABL1	missense_variant,transcript_fusion	orig BCR-ABL1 Y253F	2	missense_variant	Y253F		-
2911	IL6	3569	Overexpression			0				-
2915	ABCB1	5243	Overexpression	N/A		0				-
2916	PRPS1	5631	PRPS1 MUTATION			0				-
2917	LYN	4067	OVEREXPRESSION			0				-
2918	PRPS1	5631	T303S	missense_variant		1				-
2919	PRPS1	5631	L191F	missense_variant		1				-
2920	PRPS1	5631	D183E	missense_variant		1				-
2921	PRPS1	5631	K176N	missense_variant		1				-
2923	PRPS1	5631	N144S	missense_variant		1				-
2925	PRPS1	5631	S103I	missense_variant		1				-
2926	PRPS1	5631	S103N	missense_variant		1				-
2927	PRPS1	5631	S103T	missense_variant		1				-
2929	PRPS1	5631	A190T	missense_variant		1				-
2930	VHL	7428	G106insR		orig 106insR (c.316insGCC)	1				-
2932	VHL	7428	DELETION			0				-
2935	PRPS1	5631	D139G	missense_variant		1				-
2936	PRPS1	5631	C77S	missense_variant		1				-
2937	PRPS1	5631	I72V	missense_variant		1				-
2938	PRPS1	5631	V53A	missense_variant		1				-
2939	PRPS1	5631	A87T	missense_variant		1				-
2940	PRPS1	5631	M115T	missense_variant		1				-
2944	PDGFRA	5156	Overexpression			0				-
2948	ABL1	25	BCR-ABL1	missense_variant,transcript_fusion	orig BCR-ABL1 E450Q	2	missense_variant	E450Q		-
2949	ABL1	25	BCR-ABL1	missense_variant,transcript_fusion	orig BCR-ABL1 M244V and L364I	3	missense_variant	M244V	missense_variant	L364I
2951	ABL1	25	BCR-ABL1	missense_variant,transcript_fusion	orig BCR-ABL1 N146S	2	missense_variant	N146S		-
2952	ABL1	25	BCR-ABL1	missense_variant,transcript_fusion	orig BCR-ABL1 V298I	2	missense_variant	V298I		-
2953	ABL1	25	BCR-ABL1	missense_variant,transcript_fusion	orig BCR-ABL1 S438C	2	missense_variant	S438C		-
2954	ABL1	25	BCR-ABL1	missense_variant,transcript_fusion	orig BCR-ABL1 M388L	2	missense_variant	M388L		-
2959	CHEK2	11200	R474C	missense_variant	orig R474C c.1420C>T	1				-
2960	BCL2	596	G101V	missense_variant		1				-
2971	PDGFRA	5156	BCR-PDGFRA	transcript_fusion		1				-
2972	PDGFB	5155	COL1A1-PDGFB	transcript_fusion		1				-
2973	PDGFRB	5159	Overexpression			0				-
2974	JAK2	3717	OFD1-JAK2	transcript_fusion		1				-
2975	JAK2	3717	SMU1-JAK2	transcript_fusion		1				-
2976	JAK2	3717	SNX29-JAK2	transcript_fusion		1				-
2977	JAK2	3717	ZNF430-JAK2	transcript_fusion		1				-
2979	KRAS	3845	A146	protein_altering_variant		1				-
2992	NTRK1	4914	TPM3-NTRK1	transcript_fusion		1				-
3001	PIK3CA	5290	V955I	missense_variant		1				-
3002	NF2	4771	R466*	stop_gained	orig c.1396C>T	1				-
3009	ABL1	25	Double Ph			0				-
3011	FLT3	2322	D835Y	missense_variant		1				-
3032	MYOD1	4654	L122R	missense_variant		1				-
3042	CDK6	1021	EXPRESSION			0				-
3049	ATM	472	c.902-1G>T			0				-
3050	ATM	472	c.7089+1del			0				-
3051	ATM	472	c.7515+1_2del			0				-
3066	VHL	7428	L128F	missense_variant	orig L128F (c.382C>T)	1				-
3070	FLT3	2322	Y842C	missense_variant		1				-
3071	FLT3	2322	F691L	missense_variant		1				-
3075	FLT3	2322	D835I	missense_variant		1				-
3082	BCL2	596	F104I	missense_variant		1				-
3096	VHL	7428	C77_N78insL	disruptive_inframe_insertion	orig C77_N78insL (c.230_231insTCT)	1				-
3157	VHL	7428	F76del		orig F76del (c.227_229del)	1				-
3158	NTRK2	4915	KANK1-NTRK2	transcript_fusion		1				-
3200	KRAS	3845	Wildtype	wild_type		0				-
3202	SMARCB1	6598	LOSS			0				-
3203	ATRX	546	Mutation			0				-
3214	JAK2	3717	GOLGA5-JAK2	transcript_fusion		1				-
3222	PIK3CA	5290	Rare Mutation			0				-
3223	NTRK1	4914	LMNA-NTRK1		orig LMNA-NTRK1 e2-e10	1	exon	LMNA exon 2	exon	NTRK1 exon 10
3224	NTRK1	4914	LMNA-NTRK1		orig LMNA-NTRK1 e2-e11	1	exon	LMNA exon 2	exon	NTRK1 exon 11
3225	NTRK1	4914	LMNA-NTRK1		orig LMNA-NTRK1 e11-e10	1	exon	LMNA exon 11	exon	NTRK1 exon 10
3244	VHL	7428	R120fs	frameshift_truncation,plus_2_frameshift_variant	orig R120fs (c.358_359insAC)	1				-
3245	VHL	7428	C77fs		orig C77fs (c.230del)	1				-
3246	VHL	7428	Q96_P97delinsH	disruptive_inframe_deletion	orig. Q96_P97delinsH (c.288_290del)	1				-
3247	VHL	7428	G144fs	frameshift_truncation,minus_2_frameshift_variant	orig G144fs (c.429_439del)	1				-
3257	AKT1	207	S473 Phosphorylation			0				-
3268	ABL1	25	RANBP2-ABL1	transcript_fusion		1				-
3269	ABL1	25	ZMIZ1-ABL1	transcript_fusion		1				-
3270	ABL1	25	CENPC-ABL1	transcript_fusion		1				-
3271	ABL1	25	NUP153-ABL1	transcript_fusion		1				-
3272	ABL1	25	LSM14A-ABL1	transcript_fusion		0				-
3274	PDGFRA	5156	Mutation			0				-
3287	ABL1	25	SFPQ-ABL1	transcript_fusion		1				-
3299	PPP2R1A	5518	P179R	missense_variant		1				-
3311	PIK3CA	5290	Exon 10 or Exon 21 Mutation			0				-
3313	CDKN1A	1026	rs1059234			0				-
3318	TP53	7157	P250L	missense_variant		1				-
3341	KRAS	3845	G10_A11insG			1				-
3342	KRAS	3845	A11_G12insGA			1				-
3344	EGFR	1956	R222C	missense_variant		1				-
3350	KDR	3791	R1032Q	missense_variant		1				-
3364	EZH2	2146	Y646H	missense_variant		1				-
3371	ALK	238	I1171T	missense_variant		1				-
3373	CD44	960	CD44		orig CD44v6 [isoform 6]	1				-
3381	PIK3R2	5296	G373R	missense_variant		1				-
3382	PTEN	5728	C136R	missense_variant		1				-
3426	EZH2	2146	Y641F	missense_variant		1				-
3427	EZH2	2146	Y641N	missense_variant		1				-
3428	EZH2	2146	Y641H	missense_variant		1				-
3432	BRAF	673	G463E	missense_variant		1				-
